id,scrap_date,price,description,location,type,phone,url,habitaciones,baños,metros_cuadrados,otros
157746870,2020-11-02 18:59:21,1245,"Piso de 90 metros con 2 habitaciones, cocina independiente, gran salón comedor, recibidor, baño.  Aire acondicionado frio calor por split.  Se entrega sin muebles. Exterior salón comedor y 1 habitación, luminoso. Sus ventanas dobles hacen que no tenga nada de ruido. Su ubicación es excelente f...","Plaça de Francesc Macià, 8, Eixample",Piso,932 515 307,https://www.fotocasa.es/es/alquiler/vivienda/barcelona-capital/aire-acondicionado-calefaccion-ascensor-no-amueblado/157746870/d,2 habs.,1 baño,90 m²,con ascensor
157746715,2020-11-02 18:59:21,1100,"""Piso ALTO Y REFORMADO muy luminoso con galería interior. Orientado a Sud. SIN AMUEBLAR. Tercer piso de altura real con baldosas hidráulicas, ascensor a pie de calle, dos dormitorios dobles, una de las habitaciones con acceso a galería, 1 baño completos y 1 aseo a ESTRENAR, cocina office equipada...","Carrer del Rosselló, Eixample",Piso,931 345 378,https://www.fotocasa.es/es/alquiler/vivienda/barcelona-capital/calefaccion-ascensor-se-aceptan-mascotas-no-amueblado/157746715/d,2 habs.,2 baños,74 m²,con ascensor
157746704,2020-11-02 18:59:21,1500,"T10916-5 Alquiler de temporada, de 1 mes a 11 meses. Disponible a partir del 28-01-2021. Si estás buscando pasar una temporada máxima de 12 meses en Barcelona, y buscas un lugar céntrico, este hermoso apartamento ubicado en el distrito del Eixample es tu inmueble ideal. La decoración de este apar...",Eixample,Piso,932 938 436,https://www.fotocasa.es/es/alquiler/vivienda/barcelona-capital/aire-acondicionado-calefaccion-ascensor-amueblado-se-aceptan-mascotas/157746704/d,2 habs.,2 baños,80 m²,con ascensor
157746669,2020-11-02 18:59:21,1395,"I14138-3 Alquiler de temporada, de 1 mes a 11 meses. Disponible a partir del 13-11-2020.  I14138-3",Eixample,Piso,932 938 436,https://www.fotocasa.es/es/alquiler/vivienda/barcelona-capital/aire-acondicionado-calefaccion-terraza-ascensor-amueblado/157746669/d,4 habs.,2 baños,95 m²,con ascensor y terraza
157746668,2020-11-02 18:59:21,1195,"I14137-3 Alquiler de temporada, de 1 mes a 11 meses. Disponible a partir del 13-11-2020.  I14137-3",Sant Martí,Piso,932 938 436,https://www.fotocasa.es/es/alquiler/vivienda/barcelona-capital/aire-acondicionado-calefaccion-terraza-ascensor-amueblado/157746668/d,2 habs.,2 baños,105 m²,con ascensor y terraza
157746659,2020-11-02 18:59:21,1100,"I12757-5 Alquiler de temporada, de 1 mes a 11 meses. Disponible a partir del 06-11-2020. Esplendido piso amueblado junto al Paseo de Sant Joan, en alquiler por meses, en pleno distrito Gracia, entre las calles Josep Torres y Fraternitat. Se trata de una vivienda de dos dormitorios dobles, un cuar...",Gràcia,Piso,932 938 436,https://www.fotocasa.es/es/alquiler/vivienda/barcelona-capital/calefaccion-terraza-amueblado/157746659/d,2 habs.,1 baño,80 m²,con terraza
157746652,2020-11-02 18:59:21,1895,"T14177-1 Alquiler de temporada, de 1 mes a 11 meses.  T14177-1",Eixample,Piso,932 938 436,https://www.fotocasa.es/es/alquiler/vivienda/barcelona-capital/aire-acondicionado-calefaccion-ascensor-amueblado-se-aceptan-mascotas/157746652/d,3 habs.,2 baños,110 m²,con ascensor
157746646,2020-11-02 18:59:21,800,"Se alquila piso de 3 dormitorios (2 dobles y 1 individual), salón, cocina, galería y balcón. Es una 3ª planta de altura real con ascensor, exterior a calle. En buen estado de conservación, parqué nuevo y baño reformado a estrenar. El inmueble se entrega sin muebles ni electrodomésticos. Muy b...","Carrer de Padilla, Horta - Guinardó",Piso,932 995 809,https://www.fotocasa.es/es/alquiler/vivienda/barcelona-capital/ascensor/157746646/d,3 habs.,1 baño,70 m²,con ascensor
157746619,2020-11-02 18:59:21,1300,"Piso en alquiler amplio, tranquilo y luminoso situado en el Eixample, el Eixample Esquerra de Barcelona. Piso reformado y amueblado (posibilidad de quitar los muebles) de 120 m2 habitables con suelo de mármol y aire acondicionado frio/calor, un amplio salón comedor con ventanales que dan a patio ...",Eixample,Piso,931 345 294,https://www.fotocasa.es/es/alquiler/vivienda/barcelona-capital/aire-acondicionado-calefaccion-ascensor-amueblado/157746619/d,3 habs.,2 baños,100 m²,con ascensor
157746602,2020-11-02 18:59:21,775,"Fantastico piso, totalmente reformado! Exterior, con mucha luz y sol directo.   Consta: Salon - comedor, con 1 una ventana y salida a balcon a calle, Fontrodona, con cocina abierta a este, totalmente equipada de muebles y electrodomesticos, vitroceramica, campana extractora, lavadora y frigor...","Fontrodona, 72, Sants - Montjuïc",Piso,932 995 316,https://www.fotocasa.es/es/alquiler/vivienda/barcelona-capital/ascensor-amueblado/157746602/d,2 habs.,1 baño,48 m²,con ascensor
157746551,2020-11-02 18:59:21,1300,"Se alquila a través de Propify.es, reduciendo en más de la mitad los gastos y comisiones tradicionales. Solo se puede reservar la visita clicando en el ""Contactar"" de esta página, enseguida te llegará un mensaje con las horas de visitas disponibles.  Fascinante dúplex de 65 m2 con terraza de 20 m...","Carrer de la Reina Amàlia 18, Ciutat Vella",Piso,932 828 534,https://www.fotocasa.es/es/alquiler/vivienda/barcelona-capital/aire-acondicionado-calefaccion-terraza-trastero-amueblado/157746551/d,2 habs.,1 baño,65 m²,con terraza
157746522,2020-11-02 18:59:21,1050,"Piso semi amueblado, cuenta con nevera, horno, lavadora, armario empotrado y algunas cajoneras que se pueden apreciar en las fotos. Es exterior luminoso con ventanales dobles, cuenta con 2 habitaciones, cocina americana, salón comedor, baño  y lavadero. Es una finca  con 3 ascensores (1 montaca...","Plaça de Francesc Macià, 8, Eixample",Piso,932 515 307,https://www.fotocasa.es/es/alquiler/vivienda/barcelona-capital/calefaccion-ascensor-amueblado/157746522/d,2 habs.,1 baño,70 m²,con ascensor
157746521,2020-11-02 18:59:21,1050,"BONITO PISO DE 2 HABITACIONES CON BALCÓN. Se trata de un piso de 84m2, con un gran salón-comedor muy luminoso con salida a balcón exterior a calle, 2 habitaciones, la de matrimonio tiene un gran armario empotrado, 1 baño completo con plato de ducha, y cocina totalmente equipada. Suelo de parque...","Robrenyo, Sants - Montjuïc",Piso,932 513 614,https://www.fotocasa.es/es/alquiler/vivienda/barcelona-capital/aire-acondicionado-calefaccion-terraza-ascensor/157746521/d,2 habs.,1 baño,84 m²,con ascensor y terraza
157746517,2020-11-02 18:59:21,990,"BONITO PISO DE 2 HABITACIONES AMUEBLADO Y EQUIPADO. La vivienda consta de 67m2 distribuidos de la siguiente manera: Al entrar tenemos un bonito recibidor que nos da acceso al pasillo a través del cual nos vamos encontrando las diferentes estancias, una habitación individual equipada con cama, me...","Casanova, Eixample",Piso,932 513 614,https://www.fotocasa.es/es/alquiler/vivienda/barcelona-capital/calefaccion-ascensor-amueblado/157746517/d,2 habs.,1 baño,76 m²,con ascensor
157746491,2020-11-02 18:59:21,950,"Referencia del inmueble: 07486-A  AVENIDA GAUDÍ - SANT ANTONI Mª CLARET: Se alquila piso reformado en alquiler en la zona de la Sagrada Familia de 60m² aprox. Se compone de 3 habitaciones (una de ellas doble), un gran salón - comedor exterior a terraza, una completa cocina americana, un acogedo...","Gaudí, 77, Eixample",Piso,932 934 068,https://www.fotocasa.es/es/alquiler/vivienda/barcelona-capital/terraza-ascensor/157746491/d,3 habs.,1 baño,60 m²,con ascensor y terraza
157746251,2020-11-02 18:59:21,767,"***IBI 17,30 EUROS. EL TOTAL ALQUILER  MENSUAL CON GASTOS ES DE 767,30 euros *** Ático con terraza tipo loft encantador y en el Bonito barrio de Sant Gervasi consta de cocina equipada con electrodomésticos, armarios, mesa, sillas, un baño completo con plato de ducha y mampara, el salón - comedor...","Carrer de Brusi, Sarrià - Sant Gervasi",Ático,,https://www.fotocasa.es/es/alquiler/vivienda/barcelona-capital/terraza-ascensor/157746251/d,,1 baño,29 m²,con ascensor y terraza
157746146,2020-11-02 18:59:21,725,"A 7 MIN AND. AL CENTRO COMERCIAL DE LAS GLORIAS Y MERCAT DELS ENCANTS NOUS! EL CLOT   Fantástico piso de 70 m2, con terraza sol directo y vistas al mar y Torre Agbar de Barcelona.  En una de las zonas más solicitadas para vivir de Barcelona, gracias a su proximidad al centro de la cuidad, pe...","Carrer del Consell de Cent, 602, Sant Martí",Piso,932 995 316,https://www.fotocasa.es/es/alquiler/vivienda/barcelona-capital/terraza-no-amueblado/157746146/d,3 habs.,1 baño,60 m²,con terraza
157746088,2020-11-02 18:59:21,1060,"Fantástico piso en finca semi nueva situado en Gracia nova, consta de 70 m2, con un amplio salón comedor, cocina independiente, 2 habitaciones 1 de ellas doble, baño completo, gran balcón y Pkg incluido en el precio, el piso está casi todo amueblado, dispone también de nevera y lavadora. Impecabl...","Carrer Sardenya, Horta - Guinardó",Piso,932 886 902,https://www.fotocasa.es/es/alquiler/vivienda/barcelona-capital/aire-acondicionado-calefaccion-parking-ascensor-amueblado/157746088/d,2 habs.,1 baño,70 m²,con ascensor
157746083,2020-11-02 18:59:21,5000,Este apartamento está situado en el corazón del Eixample barcelonés. A sólo 3 calles de la avenida principal de la ciudad el Passeig de Gràcia. Desde allí a pocos metros se puede visitar la famosa “Casa Batllò” y si caminas 4 calles más encuentras la “Casa Milà”. Hacia el otro lado del Passeig de...,"Carrer Bruc, Eixample",Piso,932 515 098,https://www.fotocasa.es/es/alquiler/vivienda/barcelona-capital/aire-acondicionado-calefaccion-ascensor-amueblado/157746083/d,5 habs.,2 baños,250 m²,con ascensor
157746033,2020-11-02 18:59:21,575,"Estudio sin muebles con 2 terrazas. Da todo al exterior, situado entre las calles Mariano Cubí y la Avenida Diagonal.","Carrer de Calvet, 10, Sarrià - Sant Gervasi",Estudio,931 335 873,https://www.fotocasa.es/es/alquiler/vivienda/barcelona-capital/terraza-no-amueblado/157746033/d,,1 baño,22 m²,con terraza
157746003,2020-11-02 18:59:21,900,"CASP-SICÍLIA. Piso de 3 Habitaciones (2 dobles + 1 individual). 2 baños en buen estado. Cocina reformada. Patio de 6m² Calefacción. Exterior. Orientación Este. Finca con ascensor. Precio de alquiler 900€ Índex referencia 14,36€m²","Carrer Casp, 113, Eixample",Piso,935 432 974,https://www.fotocasa.es/es/alquiler/vivienda/barcelona-capital/calefaccion-ascensor/157746003/d,3 habs.,2 baños,71 m²,con ascensor
157746001,2020-11-02 18:59:21,650,"DISPUNIBLE A PARTIR DE 01/12/2020    Studio de 40m2 recién reformado, tiene una cocina moderna totalmente equipada con una lavadora / secadora y todos los electrodomésticos necesarios. También tiene  un precioso cuarto de baño con ducha y un gran dormitorio con una cama doble y ventanas por donde...","Nou de la Rambla, Ciutat Vella",Piso,932 513 204,https://www.fotocasa.es/es/alquiler/vivienda/barcelona-capital/aire-acondicionado-calefaccion-ascensor-amueblado/157746001/d,1 hab.,1 baño,40 m²,con ascensor
157745990,2020-11-02 18:59:21,700,"BONITO PISO DE DOS HABITACIONES DOBLES, AMBAS CON VENTA EXTERIOR, CON EL MOBILIARIO COMPLETO,  SALÓN COMEDOR,  SOFÁ, CON COCINA AMERICANA, COMPLETAMENTE AMUEBLADO Y EQUIPADO,  BAÑO, Y UN BALCÓN GRANDE, DEL CUAL SE PUEDE PARECIAR LA PLAYA  POR UN SECTOR.  EL PISO SE ALQUILA POR 11 MESES RENOBABL...","Baluard, Ciutat Vella",Piso,932 754 169,https://www.fotocasa.es/es/alquiler/vivienda/barcelona-capital/aire-acondicionado-calefaccion-amueblado-television-se-aceptan-mascotas/157745990/d,2 habs.,1 baño,40 m²,
157745948,2020-11-02 18:59:21,975,"Magnífico piso de dos habitaciones en el centro de Galvany, ideal para una pareja que quiera vivir en una de las mejores zonas de Barcelona. Sala de estar y habitación doble exteriores. El piso consta de un dormitorio doble (equipada con un gran armario empotrado y una habitación pequeña, ideal c...","Carrer de Marià Cubí, 183, Sarrià - Sant Gervasi",Piso,932 935 092,https://www.fotocasa.es/es/alquiler/vivienda/barcelona-capital/ascensor-se-aceptan-mascotas/157745948/d,2 habs.,1 baño,65 m²,con ascensor
157745856,2020-11-02 18:59:21,1000,"***ACCESO TERRAZA***PARTICULAR-SIN COMISION***AMUEBLADO*** Ático exterior 55 mq tipo loft con cama doble en el distrito del Poble Sec (Plaza del Surtidor), para una persona o una pareja, cerca de la parada de metro Poble Sec (L3) a 10 min. de la Rambla del Raval, en 4º piso sin ascensor. Apartame...","Carrer de la Creu Dels Molers, 57, Sants - Montjuïc",Ático,,https://www.fotocasa.es/es/alquiler/vivienda/barcelona-capital/aire-acondicionado-calefaccion-terraza-zona-comunitaria-amueblado-internet/157745856/d,1 hab.,1 baño,55 m²,con terraza
157745845,2020-11-02 18:59:21,1300,"Fantástica vivienda en Les Corts, junto a la Avenida Diagonal y a muy pocos pasos de la plaza de Maria Cristina.  Zona totalmente consolidada, con multitud de servicios a su alrededor. Gran oferta comercial en sus cercanías, restaurantes, oficinas, universidades, al lado de El Corte Inglés. Gra...","De Gandesa, Les Corts",Piso,,https://www.fotocasa.es/es/alquiler/vivienda/barcelona-capital/calefaccion-terraza-ascensor/157745845/d,3 habs.,2 baños,100 m²,con ascensor y terraza
157745843,2020-11-02 18:59:21,1000,"En el barrio de Sarriá, en la calle Riu de l’Or. Salón, cocina equipada, 2 habitaciones y 1 baño. El salón es exterior a interior de manzana. La cocina está equipada con nevera y lavadora. De las habitaciones una es doble (exterior) y otra es individual (interior) Baño con plato de ducha. P...","Carrer Riu de L´or, Sarrià - Sant Gervasi",Piso,932 992 918,https://www.fotocasa.es/es/alquiler/vivienda/barcelona-capital/aire-acondicionado-calefaccion-ascensor/157745843/d,2 habs.,1 baño,65 m²,con ascensor
157745821,2020-11-02 18:59:21,1100,"Mallorca - Casanova - Villarroel   Piso reformado de 110m2 en l´Antiga Esquerra de l´Eixample  Se entrega amueblado y con la cocina equipada, listo para entrar a vivir.   Consta de gran salón comedor exterior con salida a balcón.  Tres habitaciones.  Cocina independiente equipada con todo...","Carrer Mallorca, 153, Eixample",Piso,935 433 998,https://www.fotocasa.es/es/alquiler/vivienda/barcelona-capital/aire-acondicionado-calefaccion-ascensor-amueblado/157745821/d,3 habs.,2 baños,110 m²,con ascensor
157745820,2020-11-02 18:59:21,856,"Laforja - Amigó - Santaló   Piso reformado de 50m2 en Sant Gervasi-Galvany   Se entrega amueblado y con la cocina equipada, listo para entrar a vivir.   Consta de amplia zona de living en la que se integran espacios de salón comedor y cocina equipada con todos los electrodomésticos (TV incl...","Carrer Laforja, 106, Sarrià - Sant Gervasi",Piso,935 433 998,https://www.fotocasa.es/es/alquiler/vivienda/barcelona-capital/ascensor-amueblado/157745820/d,1 hab.,1 baño,55 m²,con ascensor
157745806,2020-11-02 18:59:21,960,"Piso en perfecto estado frente a La Maquinista. Muy luminoso y soleado todo el día. Amplio salón- comedor de 21 m2 amueblado con salida a terraza soleada y agradable de 12 m2. Con tres habitaciones, dos dobles y una de ellas con baño suitte y vestidor. Con baño con bañera y aseo con ducha, impeca...","Passeig de L'havana, Sant Andreu",Piso,932 886 889,https://www.fotocasa.es/es/alquiler/vivienda/barcelona-capital/aire-acondicionado-calefaccion-terraza-ascensor-amueblado/157745806/d,3 habs.,2 baños,80 m²,con ascensor y terraza
157746870,2020-11-02 19:00:53,1245,"Piso de 90 metros con 2 habitaciones, cocina independiente, gran salón comedor, recibidor, baño.  Aire acondicionado frio calor por split.  Se entrega sin muebles. Exterior salón comedor y 1 habitación, luminoso. Sus ventanas dobles hacen que no tenga nada de ruido. Su ubicación es excelente f...","Plaça de Francesc Macià, 8, Eixample",Piso,932 515 307,https://www.fotocasa.es/es/alquiler/vivienda/barcelona-capital/aire-acondicionado-calefaccion-ascensor-no-amueblado/157746870/d,2 habs.,1 baño,90 m²,con ascensor
157746715,2020-11-02 19:00:53,1100,"""Piso ALTO Y REFORMADO muy luminoso con galería interior. Orientado a Sud. SIN AMUEBLAR. Tercer piso de altura real con baldosas hidráulicas, ascensor a pie de calle, dos dormitorios dobles, una de las habitaciones con acceso a galería, 1 baño completos y 1 aseo a ESTRENAR, cocina office equipada...","Carrer del Rosselló, Eixample",Piso,931 345 378,https://www.fotocasa.es/es/alquiler/vivienda/barcelona-capital/calefaccion-ascensor-se-aceptan-mascotas-no-amueblado/157746715/d,2 habs.,2 baños,74 m²,con ascensor
157746704,2020-11-02 19:00:53,1500,"T10916-5 Alquiler de temporada, de 1 mes a 11 meses. Disponible a partir del 28-01-2021. Si estás buscando pasar una temporada máxima de 12 meses en Barcelona, y buscas un lugar céntrico, este hermoso apartamento ubicado en el distrito del Eixample es tu inmueble ideal. La decoración de este apar...",Eixample,Piso,932 938 436,https://www.fotocasa.es/es/alquiler/vivienda/barcelona-capital/aire-acondicionado-calefaccion-ascensor-amueblado-se-aceptan-mascotas/157746704/d,2 habs.,2 baños,80 m²,con ascensor
157746669,2020-11-02 19:00:53,1395,"I14138-3 Alquiler de temporada, de 1 mes a 11 meses. Disponible a partir del 13-11-2020.  I14138-3",Eixample,Piso,932 938 436,https://www.fotocasa.es/es/alquiler/vivienda/barcelona-capital/aire-acondicionado-calefaccion-terraza-ascensor-amueblado/157746669/d,4 habs.,2 baños,95 m²,con ascensor y terraza
157746668,2020-11-02 19:00:53,1195,"I14137-3 Alquiler de temporada, de 1 mes a 11 meses. Disponible a partir del 13-11-2020.  I14137-3",Sant Martí,Piso,932 938 436,https://www.fotocasa.es/es/alquiler/vivienda/barcelona-capital/aire-acondicionado-calefaccion-terraza-ascensor-amueblado/157746668/d,2 habs.,2 baños,105 m²,con ascensor y terraza
157746659,2020-11-02 19:00:53,1100,"I12757-5 Alquiler de temporada, de 1 mes a 11 meses. Disponible a partir del 06-11-2020. Esplendido piso amueblado junto al Paseo de Sant Joan, en alquiler por meses, en pleno distrito Gracia, entre las calles Josep Torres y Fraternitat. Se trata de una vivienda de dos dormitorios dobles, un cuar...",Gràcia,Piso,932 938 436,https://www.fotocasa.es/es/alquiler/vivienda/barcelona-capital/calefaccion-terraza-amueblado/157746659/d,2 habs.,1 baño,80 m²,con terraza
157746652,2020-11-02 19:00:53,1895,"T14177-1 Alquiler de temporada, de 1 mes a 11 meses.  T14177-1",Eixample,Piso,932 938 436,https://www.fotocasa.es/es/alquiler/vivienda/barcelona-capital/aire-acondicionado-calefaccion-ascensor-amueblado-se-aceptan-mascotas/157746652/d,3 habs.,2 baños,110 m²,con ascensor
157746646,2020-11-02 19:00:53,800,"Se alquila piso de 3 dormitorios (2 dobles y 1 individual), salón, cocina, galería y balcón. Es una 3ª planta de altura real con ascensor, exterior a calle. En buen estado de conservación, parqué nuevo y baño reformado a estrenar. El inmueble se entrega sin muebles ni electrodomésticos. Muy b...","Carrer de Padilla, Horta - Guinardó",Piso,932 995 809,https://www.fotocasa.es/es/alquiler/vivienda/barcelona-capital/ascensor/157746646/d,3 habs.,1 baño,70 m²,con ascensor
157746619,2020-11-02 19:00:53,1300,"Piso en alquiler amplio, tranquilo y luminoso situado en el Eixample, el Eixample Esquerra de Barcelona. Piso reformado y amueblado (posibilidad de quitar los muebles) de 120 m2 habitables con suelo de mármol y aire acondicionado frio/calor, un amplio salón comedor con ventanales que dan a patio ...",Eixample,Piso,931 345 294,https://www.fotocasa.es/es/alquiler/vivienda/barcelona-capital/aire-acondicionado-calefaccion-ascensor-amueblado/157746619/d,3 habs.,2 baños,100 m²,con ascensor
157746602,2020-11-02 19:00:53,775,"Fantastico piso, totalmente reformado! Exterior, con mucha luz y sol directo.   Consta: Salon - comedor, con 1 una ventana y salida a balcon a calle, Fontrodona, con cocina abierta a este, totalmente equipada de muebles y electrodomesticos, vitroceramica, campana extractora, lavadora y frigor...","Fontrodona, 72, Sants - Montjuïc",Piso,932 995 316,https://www.fotocasa.es/es/alquiler/vivienda/barcelona-capital/ascensor-amueblado/157746602/d,2 habs.,1 baño,48 m²,con ascensor
157746551,2020-11-02 19:00:53,1300,"Se alquila a través de Propify.es, reduciendo en más de la mitad los gastos y comisiones tradicionales. Solo se puede reservar la visita clicando en el ""Contactar"" de esta página, enseguida te llegará un mensaje con las horas de visitas disponibles.  Fascinante dúplex de 65 m2 con terraza de 20 m...","Carrer de la Reina Amàlia 18, Ciutat Vella",Piso,932 828 534,https://www.fotocasa.es/es/alquiler/vivienda/barcelona-capital/aire-acondicionado-calefaccion-terraza-trastero-amueblado/157746551/d,2 habs.,1 baño,65 m²,con terraza
157746522,2020-11-02 19:00:53,1050,"Piso semi amueblado, cuenta con nevera, horno, lavadora, armario empotrado y algunas cajoneras que se pueden apreciar en las fotos. Es exterior luminoso con ventanales dobles, cuenta con 2 habitaciones, cocina americana, salón comedor, baño  y lavadero. Es una finca  con 3 ascensores (1 montaca...","Plaça de Francesc Macià, 8, Eixample",Piso,932 515 307,https://www.fotocasa.es/es/alquiler/vivienda/barcelona-capital/calefaccion-ascensor-amueblado/157746522/d,2 habs.,1 baño,70 m²,con ascensor
157746521,2020-11-02 19:00:53,1050,"BONITO PISO DE 2 HABITACIONES CON BALCÓN. Se trata de un piso de 84m2, con un gran salón-comedor muy luminoso con salida a balcón exterior a calle, 2 habitaciones, la de matrimonio tiene un gran armario empotrado, 1 baño completo con plato de ducha, y cocina totalmente equipada. Suelo de parque...","Robrenyo, Sants - Montjuïc",Piso,932 513 614,https://www.fotocasa.es/es/alquiler/vivienda/barcelona-capital/aire-acondicionado-calefaccion-terraza-ascensor/157746521/d,2 habs.,1 baño,84 m²,con ascensor y terraza
157746517,2020-11-02 19:00:53,990,"BONITO PISO DE 2 HABITACIONES AMUEBLADO Y EQUIPADO. La vivienda consta de 67m2 distribuidos de la siguiente manera: Al entrar tenemos un bonito recibidor que nos da acceso al pasillo a través del cual nos vamos encontrando las diferentes estancias, una habitación individual equipada con cama, me...","Casanova, Eixample",Piso,932 513 614,https://www.fotocasa.es/es/alquiler/vivienda/barcelona-capital/calefaccion-ascensor-amueblado/157746517/d,2 habs.,1 baño,76 m²,con ascensor
157746491,2020-11-02 19:00:53,950,"Referencia del inmueble: 07486-A  AVENIDA GAUDÍ - SANT ANTONI Mª CLARET: Se alquila piso reformado en alquiler en la zona de la Sagrada Familia de 60m² aprox. Se compone de 3 habitaciones (una de ellas doble), un gran salón - comedor exterior a terraza, una completa cocina americana, un acogedo...","Gaudí, 77, Eixample",Piso,932 934 068,https://www.fotocasa.es/es/alquiler/vivienda/barcelona-capital/terraza-ascensor/157746491/d,3 habs.,1 baño,60 m²,con ascensor y terraza
157746251,2020-11-02 19:00:53,767,"***IBI 17,30 EUROS. EL TOTAL ALQUILER  MENSUAL CON GASTOS ES DE 767,30 euros *** Ático con terraza tipo loft encantador y en el Bonito barrio de Sant Gervasi consta de cocina equipada con electrodomésticos, armarios, mesa, sillas, un baño completo con plato de ducha y mampara, el salón - comedor...","Carrer de Brusi, Sarrià - Sant Gervasi",Ático,,https://www.fotocasa.es/es/alquiler/vivienda/barcelona-capital/terraza-ascensor/157746251/d,,1 baño,29 m²,con ascensor y terraza
157746146,2020-11-02 19:00:53,725,"A 7 MIN AND. AL CENTRO COMERCIAL DE LAS GLORIAS Y MERCAT DELS ENCANTS NOUS! EL CLOT   Fantástico piso de 70 m2, con terraza sol directo y vistas al mar y Torre Agbar de Barcelona.  En una de las zonas más solicitadas para vivir de Barcelona, gracias a su proximidad al centro de la cuidad, pe...","Carrer del Consell de Cent, 602, Sant Martí",Piso,932 995 316,https://www.fotocasa.es/es/alquiler/vivienda/barcelona-capital/terraza-no-amueblado/157746146/d,3 habs.,1 baño,60 m²,con terraza
157746088,2020-11-02 19:00:53,1060,"Fantástico piso en finca semi nueva situado en Gracia nova, consta de 70 m2, con un amplio salón comedor, cocina independiente, 2 habitaciones 1 de ellas doble, baño completo, gran balcón y Pkg incluido en el precio, el piso está casi todo amueblado, dispone también de nevera y lavadora. Impecabl...","Carrer Sardenya, Horta - Guinardó",Piso,932 886 902,https://www.fotocasa.es/es/alquiler/vivienda/barcelona-capital/aire-acondicionado-calefaccion-parking-ascensor-amueblado/157746088/d,2 habs.,1 baño,70 m²,con ascensor
157746083,2020-11-02 19:00:53,5000,Este apartamento está situado en el corazón del Eixample barcelonés. A sólo 3 calles de la avenida principal de la ciudad el Passeig de Gràcia. Desde allí a pocos metros se puede visitar la famosa “Casa Batllò” y si caminas 4 calles más encuentras la “Casa Milà”. Hacia el otro lado del Passeig de...,"Carrer Bruc, Eixample",Piso,932 515 098,https://www.fotocasa.es/es/alquiler/vivienda/barcelona-capital/aire-acondicionado-calefaccion-ascensor-amueblado/157746083/d,5 habs.,2 baños,250 m²,con ascensor
157746033,2020-11-02 19:00:53,575,"Estudio sin muebles con 2 terrazas. Da todo al exterior, situado entre las calles Mariano Cubí y la Avenida Diagonal.","Carrer de Calvet, 10, Sarrià - Sant Gervasi",Estudio,931 335 873,https://www.fotocasa.es/es/alquiler/vivienda/barcelona-capital/terraza-no-amueblado/157746033/d,,1 baño,22 m²,con terraza
157746003,2020-11-02 19:00:53,900,"CASP-SICÍLIA. Piso de 3 Habitaciones (2 dobles + 1 individual). 2 baños en buen estado. Cocina reformada. Patio de 6m² Calefacción. Exterior. Orientación Este. Finca con ascensor. Precio de alquiler 900€ Índex referencia 14,36€m²","Carrer Casp, 113, Eixample",Piso,935 432 974,https://www.fotocasa.es/es/alquiler/vivienda/barcelona-capital/calefaccion-ascensor/157746003/d,3 habs.,2 baños,71 m²,con ascensor
157746001,2020-11-02 19:00:53,650,"DISPUNIBLE A PARTIR DE 01/12/2020    Studio de 40m2 recién reformado, tiene una cocina moderna totalmente equipada con una lavadora / secadora y todos los electrodomésticos necesarios. También tiene  un precioso cuarto de baño con ducha y un gran dormitorio con una cama doble y ventanas por donde...","Nou de la Rambla, Ciutat Vella",Piso,932 513 204,https://www.fotocasa.es/es/alquiler/vivienda/barcelona-capital/aire-acondicionado-calefaccion-ascensor-amueblado/157746001/d,1 hab.,1 baño,40 m²,con ascensor
157745990,2020-11-02 19:00:53,700,"BONITO PISO DE DOS HABITACIONES DOBLES, AMBAS CON VENTA EXTERIOR, CON EL MOBILIARIO COMPLETO,  SALÓN COMEDOR,  SOFÁ, CON COCINA AMERICANA, COMPLETAMENTE AMUEBLADO Y EQUIPADO,  BAÑO, Y UN BALCÓN GRANDE, DEL CUAL SE PUEDE PARECIAR LA PLAYA  POR UN SECTOR.  EL PISO SE ALQUILA POR 11 MESES RENOBABL...","Baluard, Ciutat Vella",Piso,932 754 169,https://www.fotocasa.es/es/alquiler/vivienda/barcelona-capital/aire-acondicionado-calefaccion-amueblado-television-se-aceptan-mascotas/157745990/d,2 habs.,1 baño,40 m²,
157745948,2020-11-02 19:00:53,975,"Magnífico piso de dos habitaciones en el centro de Galvany, ideal para una pareja que quiera vivir en una de las mejores zonas de Barcelona. Sala de estar y habitación doble exteriores. El piso consta de un dormitorio doble (equipada con un gran armario empotrado y una habitación pequeña, ideal c...","Carrer de Marià Cubí, 183, Sarrià - Sant Gervasi",Piso,932 935 092,https://www.fotocasa.es/es/alquiler/vivienda/barcelona-capital/ascensor-se-aceptan-mascotas/157745948/d,2 habs.,1 baño,65 m²,con ascensor
157745856,2020-11-02 19:00:53,1000,"***ACCESO TERRAZA***PARTICULAR-SIN COMISION***AMUEBLADO*** Ático exterior 55 mq tipo loft con cama doble en el distrito del Poble Sec (Plaza del Surtidor), para una persona o una pareja, cerca de la parada de metro Poble Sec (L3) a 10 min. de la Rambla del Raval, en 4º piso sin ascensor. Apartame...","Carrer de la Creu Dels Molers, 57, Sants - Montjuïc",Ático,,https://www.fotocasa.es/es/alquiler/vivienda/barcelona-capital/aire-acondicionado-calefaccion-terraza-zona-comunitaria-amueblado-internet/157745856/d,1 hab.,1 baño,55 m²,con terraza
157745845,2020-11-02 19:00:53,1300,"Fantástica vivienda en Les Corts, junto a la Avenida Diagonal y a muy pocos pasos de la plaza de Maria Cristina.  Zona totalmente consolidada, con multitud de servicios a su alrededor. Gran oferta comercial en sus cercanías, restaurantes, oficinas, universidades, al lado de El Corte Inglés. Gra...","De Gandesa, Les Corts",Piso,,https://www.fotocasa.es/es/alquiler/vivienda/barcelona-capital/calefaccion-terraza-ascensor/157745845/d,3 habs.,2 baños,100 m²,con ascensor y terraza
157745843,2020-11-02 19:00:53,1000,"En el barrio de Sarriá, en la calle Riu de l’Or. Salón, cocina equipada, 2 habitaciones y 1 baño. El salón es exterior a interior de manzana. La cocina está equipada con nevera y lavadora. De las habitaciones una es doble (exterior) y otra es individual (interior) Baño con plato de ducha. P...","Carrer Riu de L´or, Sarrià - Sant Gervasi",Piso,932 992 918,https://www.fotocasa.es/es/alquiler/vivienda/barcelona-capital/aire-acondicionado-calefaccion-ascensor/157745843/d,2 habs.,1 baño,65 m²,con ascensor
157745821,2020-11-02 19:00:53,1100,"Mallorca - Casanova - Villarroel   Piso reformado de 110m2 en l´Antiga Esquerra de l´Eixample  Se entrega amueblado y con la cocina equipada, listo para entrar a vivir.   Consta de gran salón comedor exterior con salida a balcón.  Tres habitaciones.  Cocina independiente equipada con todo...","Carrer Mallorca, 153, Eixample",Piso,935 433 998,https://www.fotocasa.es/es/alquiler/vivienda/barcelona-capital/aire-acondicionado-calefaccion-ascensor-amueblado/157745821/d,3 habs.,2 baños,110 m²,con ascensor
157745820,2020-11-02 19:00:53,856,"Laforja - Amigó - Santaló   Piso reformado de 50m2 en Sant Gervasi-Galvany   Se entrega amueblado y con la cocina equipada, listo para entrar a vivir.   Consta de amplia zona de living en la que se integran espacios de salón comedor y cocina equipada con todos los electrodomésticos (TV incl...","Carrer Laforja, 106, Sarrià - Sant Gervasi",Piso,935 433 998,https://www.fotocasa.es/es/alquiler/vivienda/barcelona-capital/ascensor-amueblado/157745820/d,1 hab.,1 baño,55 m²,con ascensor
157745806,2020-11-02 19:00:53,960,"Piso en perfecto estado frente a La Maquinista. Muy luminoso y soleado todo el día. Amplio salón- comedor de 21 m2 amueblado con salida a terraza soleada y agradable de 12 m2. Con tres habitaciones, dos dobles y una de ellas con baño suitte y vestidor. Con baño con bañera y aseo con ducha, impeca...","Passeig de L'havana, Sant Andreu",Piso,932 886 889,https://www.fotocasa.es/es/alquiler/vivienda/barcelona-capital/aire-acondicionado-calefaccion-terraza-ascensor-amueblado/157745806/d,3 habs.,2 baños,80 m²,con ascensor y terraza
157745797,2020-11-02 19:00:53,900,Fantástico piso de 3 habitaciones dobles amueblado. Dispone de salón comedor amplio y soleado. Balcón. Baño completo con bañera y aseo independiente. Cocina equipada con acceso a lavadero. Finca con Ascensor.  Suministros dados de alta. Gastos de comunidad incluidos. Se entrega pintado. Registro ...,"Avinguda de Madrid, Sants - Montjuïc",Piso,932 992 519,https://www.fotocasa.es/es/alquiler/vivienda/barcelona-capital/ascensor-amueblado/157745797/d,3 habs.,2 baños,87 m²,con ascensor
157745791,2020-11-02 19:00:53,845,"Piso de 3 habitaciones dos dobles y una de ella individual que se utiliza como vestidor. La habitación de matrimonio es amplia exterior con acceso a un pequeño balcón. vivienda que consta de 55m2, salón comedor exterior con salida a un pequeño balcon. cocina equipada con electrodomésticos, armari...","Carrer de Lope de Vega, Sant Martí",Piso,932 995 702,https://www.fotocasa.es/es/alquiler/vivienda/barcelona-capital/ascensor-se-aceptan-mascotas/157745791/d,3 habs.,1 baño,55 m²,con ascensor
157745722,2020-11-02 19:00:53,725,"Te presentamos este precioso piso de 36 m2 en el barrio de la Barceloneta, a pocos metros del mar para disfrutar de un paseo a orillas del Mediterráneo. El piso consta de una habitación doble de 10 m2 con armario empotrado; baño con ducha; salón-comedor de 15 m2 con cocina americana integrada y t...",Ciutat Vella,Piso,,https://www.fotocasa.es/es/alquiler/vivienda/barcelona-capital/amueblado/157745722/d,1 hab.,1 baño,43 m²,
157745648,2020-11-02 19:00:53,2280,Apartamento de alquiler temporal (desde 32 días a 11 meses) Disponibilidad inmediata.  Moderno y elegante apartamento de 120mt2 ubicado en una zona residencial por excelencia en la Eixample Esquerra de Barcelona y a muy pocos pasos de Plaza Tetuán.  La zona de día consta de un fabuloso salón...,"Carrer de Casp, Eixample",Piso,931 337 036,https://www.fotocasa.es/es/alquiler/vivienda/barcelona-capital/aire-acondicionado-calefaccion-terraza-ascensor-amueblado-television-internet/157745648/d,3 habs.,2 baños,120 m²,con ascensor y terraza
157745398,2020-11-02 19:00:53,790,"DISPONIBLE A PARTIR DEL 01 DE DICIEMBRE DE 2020 UBICACIÓN: C/ JULIAN BESTEIRO  SE PRECISA CONTRATO INDEFINIDO MÁS DE UN AÑO EN LA EMPRESA    -Ubicado en una zona muy bien comunicada por transporte público: varias líneas de autobús, metro L2(BAC DE RODA) y tranvía. Cerca de colegios, supermerc...","Carrer de Julián Besteiro, Sant Martí",Piso,932 938 251,https://www.fotocasa.es/es/alquiler/vivienda/barcelona-capital/aire-acondicionado-ascensor/157745398/d,2 habs.,1 baño,72 m²,con ascensor
157745366,2020-11-02 19:00:53,549,"Excelente ubicación situado en el corazón del Eixample ,piso de 34m² de dos habitaciones una de ellas muy pequeña, salón con cocina americana,baño con plato de ducha. Totalmente reformado. Ideal para una persona o para una pareja.    BUS : 19, N1, 33, 34, 50, 51, B24, H10, N9  METRO: L5 SAGRADA F...","Provença, 497, Eixample",Piso,932 825 594,https://www.fotocasa.es/es/alquiler/vivienda/barcelona-capital/ascensor/157745366/d,2 habs.,1 baño,38 m²,con ascensor
157745353,2020-11-02 19:00:53,665,"Primer piso con ascensor. Cocina y baño reformados, parquet, 1 Habitación doble, 1 sencilla y 1 estancia, luminoso, amplio, tranquilo, junto a Vía Julia (eje comercial de Nou Barris), próximo a Parc de Guineueta, Biblioteca Les Roquetes, Casal d’avis, Llar d’infants, Centre educación infantil, Es...","Almansa, 12, Nou Barris",Piso,932 825 594,https://www.fotocasa.es/es/alquiler/vivienda/barcelona-capital/ascensor/157745353/d,3 habs.,1 baño,57 m²,con ascensor
157745315,2020-11-02 19:00:53,2130,Apartamento de alquiler temporal (desde 32 días a 11 meses) Disponibilidad inmediata.  Moderno y elegante apartamento de 110mt2 ubicado en una zona residencial por excelencia en la Eixample Esquerra de Barcelona y a muy pocos pasos de Plaza Tetuán.  La zona de día consta de un fabuloso salón...,"Carrer de Casp, Eixample",Piso,931 337 036,https://www.fotocasa.es/es/alquiler/vivienda/barcelona-capital/aire-acondicionado-calefaccion-ascensor-amueblado-television-internet/157745315/d,3 habs.,2 baños,110 m²,con ascensor
157745314,2020-11-02 19:00:53,1150,"Piso que consta de tres habitaciones dos dobles y una mediana, completamente amueblado, es ideal para compartir. Salón comedor amplio con suelos de parquet. Consta de dos cuartos de baños completos, Cocina completamente equipada y amplia con una mesita para poder comer. Ventanas de aluminio con ...","Carrer D'aragó, Eixample",Piso,932 995 702,https://www.fotocasa.es/es/alquiler/vivienda/barcelona-capital/calefaccion-ascensor-amueblado-television/157745314/d,3 habs.,2 baños,100 m²,con ascensor
157745308,2020-11-02 19:00:53,550,"Estudio amueblado, recién pintado reformado y equipado con cocina, lavadora y frigorífico. Soleado y exterior a la calle, con conserje, situado cerca del metro Torras i Bages y del centro comercial La Maquinista. No se aceptan mascotas.","Plaça de Mossèn Clapés, 16, Sant Andreu",Estudio,931 335 873,https://www.fotocasa.es/es/alquiler/vivienda/barcelona-capital/amueblado/157745308/d,,1 baño,30 m²,
157745296,2020-11-02 19:00:53,800,"DISPONIBLE 1 DE DICIEMBRE, SE PUEDEN HACER YA VISITAS!  Garlasa Trade les ofrece esta auténtica oportunidad en Rambla Badal en Sants.  Ático en el barrio de Sants, muy luminoso y muy tranquilo.  Muy bien comunicado, autobuses en puerta, metro Línia Roja a 5 mint y metro Línea azul a 10 minu...","Rambla de Badal, Sants - Montjuïc",Piso,932 513 716,https://www.fotocasa.es/es/alquiler/vivienda/barcelona-capital/terraza-ascensor-amueblado/157745296/d,1 hab.,1 baño,50 m²,con ascensor y terraza
157745282,2020-11-02 19:00:53,700,"""""ESPECTACULAR Y AUTENTICO PISO EN LA BARCELONETA!  Totalmente amueblado y equipado listo para instalarse. Decorado con gran gusto, este piso se encuentra a pasos de la playa.  Destacando su amplio balcón, el piso esta compuesto de un salón comedor con cocina integrada, un dormitorio doble, u...","Carrer de Sant Elm, Ciutat Vella",Piso,932 933 364,https://www.fotocasa.es/es/alquiler/vivienda/barcelona-capital/zona-comunitaria/157745282/d,2 habs.,1 baño,33 m²,
157745261,2020-11-02 19:00:53,650,"Alquilo piso a metros de la parada  el carmel  Piso exterior  El piso cuenta con tres habitaciones dobles totalmente exteriores, cocina, lavadero y salón comedor  en finca con ascensor. Muy buena oportunidad , el trato es directamente con el propietario de la finca , sin gastos de agencia ni in...","Passatge de Calafell, 20, Horta - Guinardó",Piso,932 514 871,https://www.fotocasa.es/es/alquiler/vivienda/barcelona-capital/ascensor-se-aceptan-mascotas/157745261/d,3 habs.,1 baño,65 m²,con ascensor
157745186,2020-11-02 19:00:53,900,Piso de 67 mts. en calle Conca con Industria - de 2 habitaciones dobles con armarios empotrados - 1 baño completo - Salon comedor muy luminoso - Terraza - Cocina independiente equipada - Lavadero -  Amueblado - Finca con Ascensor - Muy bien ubicado... ,"Conca, Sant Martí",Piso,932 937 726,https://www.fotocasa.es/es/alquiler/vivienda/barcelona-capital/terraza-ascensor-amueblado/157745186/d,2 habs.,1 baño,67 m²,con ascensor y terraza
157745173,2020-11-02 19:00:53,650,"Ref. ALQ 3561: Les Corts, piso amueblado en planta baja de 30m2, 2º real con ascensor, en calle muy tranquila, 1 dormitorio doble con armarios empotrados, baño con ducha, cocina americana equipada, aire acondicionado frio / calor , suelo de parquet, se pide solvencia económica demostrable y antig...","Evarist Arnus, 72, Les Corts",Piso,932 513 046,https://www.fotocasa.es/es/alquiler/vivienda/barcelona-capital/calefaccion-ascensor-amueblado/157745173/d,1 hab.,1 baño,30 m²,con ascensor
157745163,2020-11-02 19:00:53,2000,Apartamento de alquiler temporal (desde 32 días a 11 meses) Disponibilidad inmediata.  Moderno y elegante apartamento de 100mt2 ubicado en una zona residencial por excelencia en la Eixample Esquerra de Barcelona y a muy pocos pasos de Plaza Tetuán.  La zona de día consta de un fabuloso salón...,"Carrer de Casp, Eixample",Piso,931 337 036,https://www.fotocasa.es/es/alquiler/vivienda/barcelona-capital/aire-acondicionado-calefaccion-ascensor-amueblado-television-internet/157745163/d,2 habs.,2 baños,100 m²,con ascensor
157745121,2020-11-02 19:00:53,945,"Magnífico piso totalmente exterior de 74 metros cuadrados útiles con preciosas vistas a toda Barcelona. La vivienda dispone de 3 habitaciones, una de ellas doble y las restantes individuales, un amplio comedor de 20 metros cuadrados con salida a un balcón de 5 metros cuadrados, cocina independien...","Carrer Selva de Mar, Sant Martí",Piso,932 513 754,https://www.fotocasa.es/es/alquiler/vivienda/barcelona-capital/calefaccion-terraza-ascensor/157745121/d,3 habs.,1 baño,75 m²,con ascensor y terraza
157745019,2020-11-02 19:00:53,1200,"Altura piso 1º, piso superficie total 76 m², superficie útil 74 m², hab. individuales: 2, habitaciones dobles: 1, 1 baño, aire acondicionado (frío y calor), antigüedad más de 50, armarios empotrados (2), balcón (con vistas al barrio), calefacción (central), carpintería exterior (aluminio), cocina...","Osona, Sarrià - Sant Gervasi",Piso,935 439 838,https://www.fotocasa.es/es/alquiler/vivienda/barcelona-capital/aire-acondicionado-calefaccion-ascensor-amueblado/157745019/d,3 habs.,1 baño,76 m²,con ascensor
157745017,2020-11-02 19:00:53,895,"Altura piso 3º, piso superficie total 65 m², superficie útil 65 m², hab. individuales: 1, habitaciones dobles: 2, 1 baño, aire acondicionado (frío y calor), armarios empotrados (2), carpintería exterior (aluminio), cocina (totalmente equipada), comedor (amplio y luminoso), estado conservación: re...","Sant Marti, Ciutat Vella",Piso,935 439 838,https://www.fotocasa.es/es/alquiler/vivienda/barcelona-capital/aire-acondicionado-amueblado/157745017/d,3 habs.,1 baño,65 m²,
157745016,2020-11-02 19:00:53,800,"CARACTERÍSTICAS: Piso de 54m2 (48m2 útiles) en El Poble-sec con terraza. Este piso cuenta con 1 habitación doble totalmente amueblada y con armario empotrado, 1 baño completo con plato de ducha, una cocina de estilo americana, un salón con televisor y un despacho. Desde la ventana se puede obse...","Lleida, Sants - Montjuïc",Piso,935 439 838,https://www.fotocasa.es/es/alquiler/vivienda/barcelona-capital/aire-acondicionado-terraza-amueblado/157745016/d,1 hab.,1 baño,54 m²,con terraza
157745013,2020-11-02 19:00:53,850,"CARACTERISTICAS  - Piso tipo loft de 46m2 en Sants-Montjuic - 1 habitacion doble  - 1 baño completo - Hay un balcon con vista a la calle  - Piso muy luminoso  - Cocina totalmente equipada - Piso totalmente amueblado  - Cerca de todas las comodidades   FICHA TECNICA  Altura piso 1º, pis...","Lleida, Sants - Montjuïc",Estudio,935 439 838,https://www.fotocasa.es/es/alquiler/vivienda/barcelona-capital/aire-acondicionado-amueblado/157745013/d,1 hab.,1 baño,46 m²,
157745010,2020-11-02 19:00:53,925,"CARACTERÍSTICAS: - Piso de 63 m2 (55 m2) en el Poble Sec.  - Tiene una habitación doble. - Un baño completo. - Cocina totalmente equipada. - 2 balcones con vistas a la calle. - Totalmente amueblado, con todo lo necesario para entrar a vivir.  - Muy bien ubicado, cerca de todas las comodida...","Blai, Sants - Montjuïc",Piso,935 439 838,https://www.fotocasa.es/es/alquiler/vivienda/barcelona-capital/calefaccion-amueblado/157745010/d,1 hab.,2 baños,63 m²,
157745006,2020-11-02 19:00:53,850,"CARACTERÍSTICAS: Vivienda de 60m2 en Hostafrancs muy luminoso y con terraza/balcón. Este bonito piso reformado está distribuido en dos habitaciones dobles, un baño completo. Además cuenta con una cocina totalmente equipada, un salón amplio con salida a un balcón amplio y una zona de lavandería....","Àliga, Sants - Montjuïc",Piso,935 439 838,https://www.fotocasa.es/es/alquiler/vivienda/barcelona-capital/aire-acondicionado-calefaccion-terraza-amueblado/157745006/d,2 habs.,1 baño,62 m²,con terraza
157744932,2020-11-02 19:00:53,1175,"Piso en alquiler de 95m²  en el Putxet cerca de la Plaça Alfonso Comín (Disponible a partir 1 de Diciembre 2020). Dispone de salón-comedor con salida a terraza, cocina equipada con horno y cocina de gas. 4 habitaciones (dos dobles y dos individuales) Tiene dos baños, uno completo con plato de duc...",Sarrià - Sant Gervasi,Piso,935 432 531,https://www.fotocasa.es/es/alquiler/vivienda/barcelona-capital/aire-acondicionado-calefaccion-terraza-ascensor-internet/157744932/d,4 habs.,2 baños,95 m²,con ascensor y terraza
157744854,2020-11-02 19:00:53,1100,"Piso semi amueblado, con distribución cuadrada, junto a Pg. de Sant Joan y a escasos metros del metro de Verdaguer. Piso grande y muy soleado de 107m² en buen estado y muy céntrico.  SALÓN muy amplio y luminoso, con acceso a terraza de 6m². COCINA office grande y totalmente equipada. 1 HABITA...","Carrer de Còrsega, Gràcia",Piso,931 337 262,https://www.fotocasa.es/es/alquiler/vivienda/barcelona-capital/calefaccion-terraza-ascensor/157744854/d,4 habs.,2 baños,107 m²,con ascensor y terraza
157744819,2020-11-02 19:00:53,1105,"REFORMADO HACE 6 MESES!  CALLE ASTURIAS, ESQUINA TORRENT DE L´OLLA, a 1 MIN PLAÇA DEL DIAMANT! Magnifico piso, totalmente reformado, todo exterior, alegre, luminoso y soleado.  En el maravilloso "" Barrio de Gracia "" es famoso por su encanto y diversidad.  Al pasear por sus calles, tienes la...","Asturias, 53, Gràcia",Piso,932 995 316,https://www.fotocasa.es/es/alquiler/vivienda/barcelona-capital/aire-acondicionado-calefaccion-terraza-no-amueblado/157744819/d,2 habs.,1 baño,60 m²,con terraza
157744798,2020-11-02 19:00:53,1100,"Ubicado en pleno corazón de l'Eixample, concretamente en l'Antiga Esquerra de l'Eixample, en la calle Provença, a 5 minutos a pie de Passeig de Gràcia, disponemos de este precioso y funcional piso de 70m2 construidos. Está situado en la primera planta del edificio, el cual dispone de principal y ...","Provença, Eixample",Piso,932 751 886,https://www.fotocasa.es/es/alquiler/vivienda/barcelona-capital/aire-acondicionado-calefaccion-ascensor-amueblado/157744798/d,2 habs.,1 baño,70 m²,con ascensor
157744744,2020-11-02 19:00:53,1300,"Piso amueblado, consta de 70m, distribuidos en salón, una habitación doble interior, una habitación doble exterior con balcón y una habitación individual interior. Un baño con ducha. Cocina totalmente equipada con enseres. Televisor en el salón. Calefacción a gas y aire acondicionado Split. Listo...",Eixample,Piso,932 829 126,https://www.fotocasa.es/es/alquiler/vivienda/barcelona-capital/aire-acondicionado-calefaccion-ascensor-amueblado/157744744/d,3 habs.,1 baño,70 m²,con ascensor
157744669,2020-11-02 19:00:53,1850,Excelentes viviendas de obra nueva a estrenar totalmente exteriores con acabados de primer nivel. Dos dormitorios dobles (uno suite) con armarios empotrados y 2 cuartos de baño. Dispone de dos  terrazas de 10m2 a calle Deu i Mata y a patio de manzana. Calefacción por radiadores (aerotermia) y air...,Les Corts,Piso,932 829 126,https://www.fotocasa.es/es/alquiler/vivienda/barcelona-capital/aire-acondicionado-calefaccion-trastero-ascensor-no-amueblado/157744669/d,2 habs.,2 baños,95 m²,con ascensor
157744657,2020-11-02 19:00:53,900,"Piso de altas prestaciones en finca regia. Acabados e interiores bien cuidados. Exclusiva zona en centro de Barcelona. Perfectamente comunicado a 5 minutos a pie de Plaza España y centro comercial las Arenas. Dispone de 2 habitaciones amplias y luminosas, ambas con armarios. Baño completo amplio....","Avinguda Paral·lel, 103, Sants - Montjuïc",Piso,932 992 519,https://www.fotocasa.es/es/alquiler/vivienda/barcelona-capital/aire-acondicionado-ascensor-amueblado/157744657/d,2 habs.,1 baño,60 m²,con ascensor
157744608,2020-11-02 19:00:53,1090,"Apartamento de alquiler temporal (desde 32 días a 11 meses) Disponibilidad inmediata.  Rodeado de todo tipo de comercio y perfectamente comunicado con el resto de la ciudad, entre calle de Provenza y carrer del Rosselló, en el corazón de la Eixample Dreta, encontramos este precioso apartamento...","Carrer de Rogent, Sant Martí",Piso,931 337 036,https://www.fotocasa.es/es/alquiler/vivienda/barcelona-capital/aire-acondicionado-calefaccion-ascensor-amueblado-television-internet/157744608/d,2 habs.,1 baño,69 m²,con ascensor
157744597,2020-11-02 19:00:53,825,"Piso en alquiler en la Calle Ter, cerca del metro del Clot.  Consta de Salón de 20 m2,  3 habitaciones ( 1 Doble exterior y 2 individuales interiores) Cocina amplia con salida a Galería con suelo de gres  y de electrodomésticos, la Lavadora. Baño completo con plato de ducha. Un agradable Balcón....","Carrer del Ter, Sant Martí",Piso,935 435 409,https://www.fotocasa.es/es/alquiler/vivienda/barcelona-capital/calefaccion-ascensor/157744597/d,3 habs.,1 baño,66 m²,con ascensor
157744525,2020-11-02 19:00:53,990,"TOTALMENTE REFORMADO. Ático de 63 m2+30m2 de terraza, con ascensor muy luminoso, de una habitación, cuarto de baño completo, salón-comedor de 30m, PARQUET en todas las estancias de roble, cocina totalmente equipada de electrodomésticos, ventanas de aluminio con doble acristalamiento y climatizac...","Avinguda Republica Argentina, Sarrià - Sant Gervasi",Ático,932 514 457,https://www.fotocasa.es/es/alquiler/vivienda/barcelona-capital/aire-acondicionado-calefaccion-terraza-trastero-ascensor/157744525/d,1 hab.,1 baño,93 m²,con ascensor y terraza
157744513,2020-11-02 19:00:53,965,"Se alquila ático en Concepció Arenal en el barrio de Sant Andreu del Palomar muy cerca de la estación de tren de Sant Andreu Arenal, estación de Buses de Fabra i Puig y metro línea l1.  Conexiones de metro, y zona de servicios y comercio cercanas. El piso consta de 54m2 útiles con balcón-terraza...","Carrer Concepcion Arenal, Sant Andreu",Ático,932 515 348,https://www.fotocasa.es/es/alquiler/vivienda/barcelona-capital/terraza-ascensor/157744513/d,2 habs.,1 baño,54 m²,con ascensor y terraza
157744467,2020-11-02 19:00:53,1390,"Espectacular piso junto a Paseo de Gracia, Con vistas al patio de famoso Hotel Mandarin, en uno de los puntos más céntricos y bien comunicados de la ciudad, encontramos esta fantástica vivienda típica del Eixample Barcelonés totalmente reformada. Caracterizada por su luminosidad y su ambiente muy...",Eixample,Piso,932 829 126,https://www.fotocasa.es/es/alquiler/vivienda/barcelona-capital/aire-acondicionado-terraza-no-amueblado/157744467/d,3 habs.,2 baños,90 m²,con terraza
157744455,2020-11-02 19:00:53,606,"Trinitat Nova. TOTALMENTE REFORMADO.  Indice Ref. Alquiler: 12,89€/m2  Renta 606 + Gastos de IBI aparte    Zona Trinitat Nova. Piso Exterior y Luminoso.    Segundo Piso real sin Ascensor.    50m2 Construidos Según Catastro. 2 Habitaciones (12m2, 9m2 ambas Exteriores). Salón-Comedor 16m2....","Carrer D'empúries, Nou Barris",Piso,932 938 646,https://www.fotocasa.es/es/alquiler/vivienda/barcelona-capital/aire-acondicionado/157744455/d,2 habs.,1 baño,50 m²,
157744434,2020-11-02 19:00:53,3490,"Espectacular piso en Quadrat d'Or, ubicado en Paseo de Gracia.  Encontramos esta exclusiva vivienda con amplio salón comedor, maravillosas galerías soleadas, espaciosa cocina abierta y equipada con electrodomésticos. En la zona de noche cuenta con tres dormitorios dobles y tres baños. El dormi...",Eixample,Piso,932 829 126,https://www.fotocasa.es/es/alquiler/vivienda/barcelona-capital/aire-acondicionado-calefaccion-ascensor-amueblado/157744434/d,3 habs.,3 baños,184 m²,con ascensor
157744412,2020-11-02 19:00:53,1300,Apartamento de alquiler temporal (desde 32 días a 11 meses) Disponibilidad inmediata.  Se trata de un precioso apartamento de 79mt2 perfectamente distribuidos en una de las zonas más céntricas de Barcelona: La Eixample Esquerra.   La zona de día consta de un precioso salón comedor con salida...,"Carrer del Consell de Cent, Eixample",Piso,931 337 036,https://www.fotocasa.es/es/alquiler/vivienda/barcelona-capital/aire-acondicionado-calefaccion-ascensor-amueblado-television-internet/157744412/d,2 habs.,1 baño,79 m²,con ascensor
157744376,2020-11-02 19:00:53,900," Piso en alquiler en El Baix Guinardó, Horta Guinardó de 73m2 distribuidos en: un salón-comedor, 4 habitaciones (dos dobles y dos individuales), cocina independiente y caldera de gas, un baño completo con bañera y un lavadero.  Finca del 1958 con ascensor y portero. El barrio ofrece una buena ...","Carrer de Padilla, Horta - Guinardó",Piso,937 385 087,https://www.fotocasa.es/es/alquiler/vivienda/barcelona-capital/ascensor-no-amueblado/157744376/d,4 habs.,2 baños,73 m²,con ascensor
157744354,2020-11-02 19:00:53,675,"Bonito piso tipo loft de 30m2, cocina americana, bonito baño de diseño,  totalmente reformado, suelo de parquet, aire acondicionado con bomba de calor,  patio interior de 8m2,  se entrega amueblado, muy bien ituado en pleno barrio de gracia.  ASESORAMOS TU INVERSION Encuentra más en http://www...","Carrer de Torrijos, Gràcia",Estudio,932 758 146,https://www.fotocasa.es/es/alquiler/vivienda/barcelona-capital/aire-acondicionado-patio-amueblado/157744354/d,,1 baño,33 m²,
157744349,2020-11-02 19:00:53,1000,"piso de 70m2, calle biscaia, 2 habitaciones, 1 baño, salon, cocina y terraza. llamar al 934 15 00 48","Carrer de Biscaia, Sant Andreu",Piso,932 995 389,https://www.fotocasa.es/es/alquiler/vivienda/barcelona-capital/navas/157744349/d,2 habs.,1 baño,70 m²,
157744306,2020-11-02 19:00:53,1100,"Situado en una de las mejores y más tranquilas zonas de Barcelona encontramos este acogedor piso, amueblado, pero sin ascensor.  Dispone de 2 dormitorios dobles y 1 baño completo ducha. Cuenta con un salón comedor muy luminoso. La cocina está totalmente equipada con electrodomésticos. Tiene suel...",Sarrià - Sant Gervasi,Piso,932 829 126,https://www.fotocasa.es/es/alquiler/vivienda/barcelona-capital/aire-acondicionado-amueblado/157744306/d,2 habs.,1 baño,70 m²,
157744299,2020-11-02 19:00:53,850,"Piso en alquiler en el Clot, todo reformado con dos habitaciones, comedor, baño y cocina. Tiene una amplia terraza que sale directamente del comedor. No deje de verlo, muy bien situado. REF: EX7167JP IMMOMAX CONDAL AICAT 2825","Llagostera, Sant Martí",Piso,,https://www.fotocasa.es/es/alquiler/vivienda/barcelona-capital/el-camp-de-l'arpa-del-clot/157744299/d,2 habs.,1 baño,67 m²,
157744298,2020-11-02 19:00:53,1200,"Piso de 100 m2, de 4 habitaciones (2 dobles y 2 individuales), dos baños, cocina equipada con electrodomésticos, comedor de 30 m2, muy amplio y totalmente amueblado. Cerca de transporte público, comercios, colegios, zonas de ocio... Llámenos y le informaremos. ref. EX7396JP","Arago, Sant Martí",Piso,,https://www.fotocasa.es/es/alquiler/vivienda/barcelona-capital/ascensor-amueblado/157744298/d,4 habs.,2 baños,100 m²,con ascensor
157744290,2020-11-02 19:00:53,850,"40m2 amueblado de calidad y diseño con muebles y todos electrodomésticos.2 terrazas duplex ? En finca Moderna con 2 ascensores al lado de Plaza Molina en calle muy tranquila casi peatonal con todos los servicios de ferrocarriles, escuelas, autobuses, duplex con encanto para entrar a vivir. , al...","Carrer D'alfons XII, Sarrià - Sant Gervasi",Dúplex,932 938 027,https://www.fotocasa.es/es/alquiler/vivienda/barcelona-capital/aire-acondicionado-terraza-ascensor/157744290/d,1 hab.,1 baño,40 m²,con ascensor y terraza
157744289,2020-11-02 19:00:53,700,"Piso en alquiler de 38 metros, tipo loft, Exterior con un balcón y una ventana. Totalmente reformado con aire acondicionado con bomba de calor, techos altos con las vigas de madera vistas, pared de piedra vista, amueblado y equipado. Salón comedor con la cocina americana y baño. Segundo real sin ...","Carrer del Corretger, Ciutat Vella",Piso,935 434 618,https://www.fotocasa.es/es/alquiler/vivienda/barcelona-capital/aire-acondicionado-amueblado/157744289/d,,1 baño,38 m²,
157744285,2020-11-02 19:00:53,1108,"Espectacular piso EXTERIOR de 110 m2 con acabados de primera calidad. Con 3 habitaciones, dos dobles y una individual. Con baño impecable completo con bañera y aseo impecable completo con ducha. Con gran salón comedor de 38 m2 en dos ambientes. Muy soleado todo el día y con vistas despejadas a pl...",Nou Barris,Piso,932 886 889,https://www.fotocasa.es/es/alquiler/vivienda/barcelona-capital/aire-acondicionado-calefaccion-ascensor/157744285/d,3 habs.,2 baños,110 m²,con ascensor
157744268,2020-11-02 19:00:53,790,"Piso en alquiler de 79 metros, interior a patio muy grande con buenas vistas, muy luminoso y soleado. Totalmente reformado con parquet, calefacción eléctrica de bajo consumo, carpintería exterior de aluminio doble cristal, equipado pero sin muebles. Dos dormitorios dobles, gran salón comedor, coc...","Carrer de Sant Pere Més Baix, Ciutat Vella",Piso,935 434 618,https://www.fotocasa.es/es/alquiler/vivienda/barcelona-capital/calefaccion/157744268/d,2 habs.,1 baño,79 m²,
157744266,2020-11-02 19:00:53,695,"Piso en alquiler de 56 metros. Exterior con cuatro ventanas, muy luminoso y soleado. Totalmente reformado con parquet, aire acondicionado con bomba de calor, pared de piedra vista, carpintería exterior de aluminio doble cristal, amueblado y equipado. Un dormitorio muy grande, amplio salón comedor...","Carrer de Les Semoleres, Ciutat Vella",Piso,935 434 618,https://www.fotocasa.es/es/alquiler/vivienda/barcelona-capital/aire-acondicionado-amueblado-television/157744266/d,1 hab.,1 baño,56 m²,
157744222,2020-11-02 19:00:53,794,"SEPTIMO PISO REAL CON ASCENSOR, EXTERIOR, CON AIRE ACONDICIONADO Y CALEFACCIÓN.  Te presentamos este precioso piso de 52 m2 útiles ubicado en calle Provença con Independència.  El piso consta de dos habitaciones, una doble exterior con salida a balcón y armario empotrado; y una individual; cocina...",Sant Martí,Piso,,https://www.fotocasa.es/es/alquiler/vivienda/barcelona-capital/aire-acondicionado-calefaccion-ascensor/157744222/d,2 habs.,1 baño,71 m²,con ascensor
157744215,2020-11-02 19:00:53,2400,"ESPECTACULAR PISO EN FINCA SEÑORIAL EN PLENO CENTRO DE BARCELONA  Barcelona esla ciudad donde todo el mundo quiere vivir. A su agradable climatología que prácticamente dura todo el año, se añade su bella arquitectura, su seguridad y su espectacular oferta cultural, de ocio y gastronomía. El dis...","Gravina, Ciutat Vella",Apartamento,932 511 453,https://www.fotocasa.es/es/alquiler/vivienda/barcelona-capital/aire-acondicionado/157744215/d,2 habs.,2 baños,90 m²,
157744200,2020-11-02 19:00:53,795,"Magnifico piso de 50m² ubicado delante mismo de Ronda de Dalt (Passeig Vall d´Hebrón esquina C/ Canigó). A 1 minuto de parada de Metro L-3 Valldaura. 2 real sin ascensor. Sin terraza ni balcón, pero muy luminoso! Consta de: Salón-comedor de unos 17m² 2 habitaciones: 1 doble con armario empo...","Passeig de la Vall D'hebron, Horta - Guinardó",Piso,932 938 217,https://www.fotocasa.es/es/alquiler/vivienda/barcelona-capital/aire-acondicionado-calefaccion/157744200/d,2 habs.,1 baño,50 m²,
157744198,2020-11-02 19:00:53,623,"DISPONIBLE A PARTIR DEL 4 DE DICIEMBRE  Apartamento reformado de 40m2, distribuido en un luminoso salón-comedor con cocina semi-americana equipada con vitrocerámica, campana extractora, nevera y microondas, y un dormitorio doble con baño en suite. La vivienda dispone de suelos de tarima, calefacc...",Horta - Guinardó,Piso,981 965 709,https://www.fotocasa.es/es/alquiler/vivienda/barcelona-capital/calefaccion-ascensor/157744198/d,1 hab.,1 baño,40 m²,con ascensor
157744174,2020-11-02 19:00:53,1390,"Magnífico loft a estrenar con terraza de 24m2 situado junto a Rambla de Poblenou y cerca de Diagonal Mar. El loft se sitúa en la planta baja de un edificio de construcción nueva. Junto a la entrada se encuentran dos baños con plato de ducha, los cuales a través de un pasillo dan acceso a un gran...",Sant Martí,Piso,932 829 126,https://www.fotocasa.es/es/alquiler/vivienda/barcelona-capital/aire-acondicionado-terraza-no-amueblado/157744174/d,1 hab.,2 baños,100 m²,con terraza
157744173,2020-11-02 19:00:53,900,"piso de 82m2, cuenta con 3 habitaciones, 1 baño, salon y cocina. llamar al 934 15 00 48","Carrer del Doctor Pi I Molist, Nou Barris",Piso,932 995 389,https://www.fotocasa.es/es/alquiler/vivienda/barcelona-capital/el-turo-de-la-peira/157744173/d,3 habs.,1 baño,80 m²,
157744164,2020-11-02 19:00:53,2300,"Piso Luminoso con sol, reformado, Muy buenas vistas, doble circulación de aire, Silencioso, amplio balcón terraza, piscina comunitaria y jardín comunitario. 2 habitaciones dobles, una en suite, 2 baños. ubicado en el prestigiosos condominio. cuenta con conserjería y cámaras de video las 24hs. Co...",Sant Martí,Apartamento,932 829 126,https://www.fotocasa.es/es/alquiler/vivienda/barcelona-capital/aire-acondicionado-calefaccion-parking-terraza-trastero-ascensor-piscina-se-aceptan-mascotas-no-amueblado/157744164/d,2 habs.,2 baños,85 m²,con ascensor y terraza
157744159,2020-11-02 19:00:53,2200,"Exclusivo apartamento de unos 100 m2, recién reformado, espacioso y elegante. Situado en edificio de Eixample-Dreta, muy cerca de Passeig de Gràcia con calle Aragó. Gran salón-comedor con salida a 4 balcones que dan a exterior. Cocina reformada totalmente equipada con electrodomésticos nuevos. ...",Eixample,Piso,932 829 126,https://www.fotocasa.es/es/alquiler/vivienda/barcelona-capital/aire-acondicionado-calefaccion-terraza-ascensor-piscina-amueblado-se-aceptan-mascotas/157744159/d,2 habs.,2 baños,100 m²,con ascensor y terraza
157744152,2020-11-02 19:00:53,2200,"Este piso está situado en el centro de Barcelona, rodeado de todos los servicios necesarios (transporte, ocio, alimentación.. . ). Se encuentra dentro de una finca regia de 1887, con ascensor, en muy buen estado, amueblado y totalmente equipado.   El piso es amplio, de 170 m2 útiles, de techos...","Carrer Pau Claris, Eixample",Piso,932 515 098,https://www.fotocasa.es/es/alquiler/vivienda/barcelona-capital/aire-acondicionado-calefaccion-ascensor-amueblado/157744152/d,2 habs.,2 baños,189 m²,con ascensor
157744150,2020-11-02 19:00:53,875,"piso en ronda universidad, cuneta con 50m2, un baño y una habitacion, salon y cocina. llamar al 934 15 00 48","Plaça de la Universitat, Ciutat Vella",Piso,932 995 389,https://www.fotocasa.es/es/alquiler/vivienda/barcelona-capital/el-raval/157744150/d,1 hab.,1 baño,50 m²,
157744136,2020-11-02 19:00:53,2030,"En la zona de Sant Gervasi-Putxet, encontramos este excelente piso con terraza y vistas. El piso totalmente reformado e impecable y muy luminoso. Consta de un Salón-Comedor con salida a la terraza con vistas despejadas al paisaje. Cocina equipada con todos los electrodomésticos; frigorifico side...",Sarrià - Sant Gervasi,Piso,932 829 126,https://www.fotocasa.es/es/alquiler/vivienda/barcelona-capital/aire-acondicionado-calefaccion-parking-terraza-ascensor-no-amueblado/157744136/d,4 habs.,2 baños,134 m²,con ascensor y terraza
157744128,2020-11-02 19:00:53,6000,"Apartamento exclusivo de lujo situado en pleno corazón del Eixample a sólo 3 calles del Passeig de Gràcia. Ideal para familias ya que posee 250 m2, cuenta con amplios espacios decorados al más mínimo detalle combinando diferentes estilos. Está distribuido en 2 habitaciones dobles en suite, 2 habi...","Carrer Bruc, Eixample",Piso,932 515 098,https://www.fotocasa.es/es/alquiler/vivienda/barcelona-capital/aire-acondicionado-calefaccion-ascensor-amueblado/157744128/d,5 habs.,5 baños,250 m²,con ascensor
157744124,2020-11-02 19:00:53,1100,"El inmueble cuenta con 65 m2, distribuidos en una habitación doble muy amplia, un baño y una cocina office integrada al salón.  El piso se encuentra en excelente estado, con todas las instalaciones a estrenar y sumamente luminoso, completamente exterior con salida a un amplio balcón.  Además,...","Gran Via de Les Corts Catalanes, 618, Eixample",Piso,935 436 308,https://www.fotocasa.es/es/alquiler/vivienda/barcelona-capital/aire-acondicionado-terraza-zona-comunitaria-ascensor-amueblado-piscina/157744124/d,1 hab.,1 baño,65 m²,con ascensor y terraza
157744098,2020-11-02 19:00:53,2967,"ALQUILER TEMPORAL  Este apartamento de lujo ha sido recién decorado con 3 habitaciones dobles y 2 baños, amplio salón y cocina independiente de estilo americano.  El apartamento dispone de sistema de aire acondicionado y también calefacción, además de Wifi. La cocina está totalmente equipada ...",Eixample,Ático,932 829 126,https://www.fotocasa.es/es/alquiler/vivienda/barcelona-capital/aire-acondicionado-calefaccion-terraza-ascensor-no-amueblado/157744098/d,3 habs.,2 baños,111 m²,con ascensor y terraza
157744087,2020-11-02 19:00:53,800,"Piso totalmente a estrenar, situado en primera línea de mar. A tan solo 5 minutos andando de la playa y a 15 minutos del casco antiguo de Barcelona. El apartamento se encuentra en una cuarta planta, de una finca típica de la zona, construida en el año 1959, sin ascensor. Totalmente exterior a cal...","Carrer Berenguer Mallol, 5, Ciutat Vella",Piso,935 433 778,https://www.fotocasa.es/es/alquiler/vivienda/barcelona-capital/aire-acondicionado/157744087/d,2 habs.,1 baño,43 m²,
157744063,2020-11-02 19:00:53,900,"Renaixença - Villar - Hospital de Sant Pau  Piso reformado de 75m²  Consta de gran salón comedor en dos ambientes distintos, uno destinado a zona de comedor y otro destinado a living-room, con zona mas sombreada para evitar destellos de luz natural en el televisor.  Cocina independiente refo...","Carrer Renaixença, 40, Horta - Guinardó",Piso,935 433 998,https://www.fotocasa.es/es/alquiler/vivienda/barcelona-capital/aire-acondicionado-ascensor/157744063/d,3 habs.,1 baño,80 m²,con ascensor
157744057,2020-11-02 19:00:53,900,"se alquila piso de 50m2, cuenta con una habitacion, un baño, salon y cocina. llamar al 934 15 00 48","Carrer de L'escorial, Gràcia",Piso,932 995 389,https://www.fotocasa.es/es/alquiler/vivienda/barcelona-capital/vila-de-gracia/157744057/d,1 hab.,1 baño,50 m²,
157744055,2020-11-02 19:00:53,1300,"Encontramos este fabuloso piso en el Eixample Esquerra, a un paso del Clínic y del Mercat del Ninot y muy cerca de la Plaça Francesc Macià. Rodeado de tiendas, gimnasios, restaurantes y muy conectado con transporte público.    Es un piso alto y muy luminoso.  Cuando entramos encontramos una ha...","Carrer de Viladomat, Eixample",Piso,932 511 703,https://www.fotocasa.es/es/alquiler/vivienda/barcelona-capital/calefaccion-terraza-ascensor-amueblado/157744055/d,3 habs.,2 baños,90 m²,con ascensor y terraza
157744051,2020-11-02 19:00:53,950,"Desde tres hasta once meses!! wifi incluido  Este piso reformado se encuentra en Carrer de Montcada, 08003, Barcelona, Barcelona, situado en el distrito de gotico, en la planta 3. Es un apartamento luminoso que tiene 65 m2 de los cuales 59 m2 son útiles y dispone de 1 habitaciones y 1 baños.  ...","Carrer de Montcada, Ciutat Vella",Apartamento,932 511 248,https://www.fotocasa.es/es/alquiler/vivienda/barcelona-capital/aire-acondicionado/157744051/d,1 hab.,1 baño,65 m²,
157744050,2020-11-02 19:00:53,875,"piso de 62m2, cuenta con 2 habitaciones, 1 baño, salon y cocina. llamar al 934 15 00 48","Plaça del Pes de la Palla, Ciutat Vella",Piso,932 995 389,https://www.fotocasa.es/es/alquiler/vivienda/barcelona-capital/el-raval/157744050/d,2 habs.,1 baño,60 m²,
157744049,2020-11-02 19:00:53,930,"La Perla - Verdi - Torrijos   Piso refomado de 65m2 en finca con ascensor de Vila de Gràcia   Totalmente exterior, con luz natural en todas las estancias.   Consta de amplio salón comedor exterior con salida a balcón.  Cocina independiente equipada con horno, vitro-cerámica y extractor.  ...","Carrer Perla, 25, Gràcia",Piso,935 433 998,https://www.fotocasa.es/es/alquiler/vivienda/barcelona-capital/aire-acondicionado-ascensor/157744049/d,2 habs.,1 baño,65 m²,con ascensor
157744042,2020-11-02 19:00:53,550,"Piso a 50 metros de la playa de 2 habitaciones amueblado y equipado. Las 2 habitaciones son exteriores, una doble y otra individual. Baño completo con plato de ducha. Cocina equipada. Salón comedor con balcón. Suministros dados de alta. Gastos de comunidad incluidos. Registro de agentes inmobilia...","Sòria, 11, Ciutat Vella",Piso,932 992 519,https://www.fotocasa.es/es/alquiler/vivienda/barcelona-capital/amueblado-television/157744042/d,2 habs.,1 baño,45 m²,
157744029,2020-11-02 19:00:53,2000,"Magnifico piso señorial en la zona alta de Barcelona con 112m2 situado en una finca regia.  Se alquila sin muebles. Dispone de 4  habitaciones de las cuales hay 3 dobles y 1 individual .  Hay 2 baños, completos. Los suelos son de parqué hay calefacción individual por gas. La Cocina es amplia y es...",Sarrià - Sant Gervasi,Piso,932 829 126,https://www.fotocasa.es/es/alquiler/vivienda/barcelona-capital/aire-acondicionado-calefaccion-ascensor-no-amueblado/157744029/d,4 habs.,2 baños,112 m²,con ascensor
157744008,2020-11-02 19:00:53,890,"piso de alquiler en calle galileu, cuenta con 65m2, 2 habitaciones, 1 baño, salon y cocina. llamar al 934 15 00 48","Carrer de Galileu, Les Corts",Piso,932 995 389,https://www.fotocasa.es/es/alquiler/vivienda/barcelona-capital/barri-de-les-corts/157744008/d,2 habs.,1 baño,65 m²,
157743825,2020-11-02 19:00:53,2950,"Exclusivo piso en alquiler, completamente reformado, situado en una de las mejores de zonas de Barcelona y junto a Turó Parc, con una superficie de 134m² distribuidos en 3 habitaciones (Una de ellas en suite con baño con plato de ducha, una doble con armarios empotrados y una individual convertib...",Sarrià - Sant Gervasi,Planta baja,935 432 531,https://www.fotocasa.es/es/alquiler/vivienda/barcelona-capital/aire-acondicionado-calefaccion-terraza-trastero-ascensor-patio-internet/157743825/d,3 habs.,2 baños,134 m²,con ascensor y terraza
157743805,2020-11-02 19:00:53,1095,"A 2 min. andando de PLAÇA ESPANYA, enfrente de la Fira de Barcelona Montjuic. Excelente zona con todo tipo de servicios (entre los barrios de Sant Antoni y Sants), muy buena comunicación (Metro L1 L3 L8, varias lineas de Bus y de los FCG) Amplio y luminoso piso, salón con salida a balcón exterio...","Avinguda del Paral.lel, Eixample",Piso,932 938 428,https://www.fotocasa.es/es/alquiler/vivienda/barcelona-capital/calefaccion-ascensor-amueblado-television/157743805/d,4 habs.,2 baños,88 m²,con ascensor
157743804,2020-11-02 19:00:53,2400,"Preciosa vivienda de 146m2 recién reformada a estrenar, en el corazón del ensanche en la calle Valencia entre las  Calles Aribau y Muntaner, muy cerca del transporte publico. La vivienda se compone de cinco dormitorios dos dobles uno con salida a un balcón y tres individuales y un cuarto traster...","Carrer de València, Eixample",Piso,932 755 008,https://www.fotocasa.es/es/alquiler/vivienda/barcelona-capital/calefaccion/157743804/d,5 habs.,2 baños,146 m²,
157743799,2020-11-02 19:00:53,1550,"ALQUILER 3 HASTA 11 MESES    Este piso se encuentra en Carrer de la Pescateria, 08003, Barcelona, Barcelona, en la planta 3. Es un piso que tiene 90 m2 de los cuales 88 m2 son útiles .  Es un apartamento en el distrito de Born. Está situado en el cuarto piso, con aire acondicionado y aire c...","Carrer de la Pescateria, Ciutat Vella",Piso,932 511 248,https://www.fotocasa.es/es/alquiler/vivienda/barcelona-capital/amueblado/157743799/d,2 habs.,1 baño,90 m²,
157743792,2020-11-02 19:00:53,960,"Este maravilloso piso de obra nueva totalmente amueblado y equipado se caracteriza por su luminosidad y tranquilidad.  Cuenta con una habitación doble, un baño completo con ducha y una cocina totalmente equipada con los mejores electrodomésticos.   Wifi incluido en el precio  Parking opcion...",Sants - Montjuïc,Piso,932 829 126,https://www.fotocasa.es/es/alquiler/vivienda/barcelona-capital/aire-acondicionado-calefaccion-ascensor-amueblado/157743792/d,1 hab.,1 baño,45 m²,con ascensor
157743790,2020-11-02 19:00:53,670,Piso de 1 habitación. Amplio salón comedor con cocina americana. A pocos metros de Ronda Sant Antoni. Baño completo con plato de ducha. Recién Pintado. Amueblado y equipado. Balcón. Finca con Ascensor. Listo para entrar. Gastos de comunidad incluidos. Registro de agentes inmobiliarios: AICAT: 7277,"Carrer de Sant Antoni Abat, Ciutat Vella",Piso,932 992 519,https://www.fotocasa.es/es/alquiler/vivienda/barcelona-capital/ascensor-amueblado/157743790/d,1 hab.,1 baño,45 m²,con ascensor
157743786,2020-11-02 19:00:53,1050,Ático de 26 m2 muy luminoso. Está en la planta 8 de un edificio con ascensor. El piso está totalmente reformado. Consta de una habitación doble y luminosa y de un baño con plato de ducha. Dispone de aire acondicionado y calefacción y una TERRAZA PRIVATIVA de 40 M2. Está situado en Aragón con Pase...,"Carrer D'aragó, Eixample",Ático,932 933 087,https://www.fotocasa.es/es/alquiler/vivienda/barcelona-capital/aire-acondicionado-terraza-ascensor-amueblado/157743786/d,1 hab.,1 baño,26 m²,con ascensor y terraza
157743780,2020-11-02 19:00:53,1800,"En una finca emblemática del Turo Park ponemos en alquiler esta vivienda recientemente reformada. Se distribuye en un amplio salón comedor muy luminoso, cocina independiente completamente equipada, cuatro dormitorios y dos baños. La habitación de matrimonio es exterior y muy amplia y de las otras...",Sarrià - Sant Gervasi,Piso,935 432 853,https://www.fotocasa.es/es/alquiler/vivienda/barcelona-capital/aire-acondicionado-calefaccion-ascensor/157743780/d,4 habs.,2 baños,131 m²,con ascensor
157743776,2020-11-02 19:00:53,1300,"ALQUILER 3 HASTA 11 MESES  Este piso se encuentra en Carrer de la Pescateria, 08003, Barcelona, Barcelona, en la planta 3. Es un piso amueblado que tiene 70 m2 de los cuales 68 m2 son útiles y dispone de 1 habitaciones y 1 baños.  Incluye balcón y tiene cama doble.","Carrer de la Pescateria, Ciutat Vella",Piso,932 511 248,https://www.fotocasa.es/es/alquiler/vivienda/barcelona-capital/amueblado/157743776/d,1 hab.,1 baño,70 m²,
157743771,2020-11-02 19:00:53,850,"¡Disponible ahora! Este acogedor estudio de 45 m2 está situado en una calle tranquila en el corazón de la ciudad, en la bonita zona de Sant Pere - Santa Caterina i la Ribera, justo al límite de El Born. Se encuentra a poca distancia a pie del famoso Arco de...","Calle Sant Pere Mitja, Ciutat Vella",Apartamento,932 993 212,https://www.fotocasa.es/es/alquiler/vivienda/barcelona-capital/aire-acondicionado-calefaccion-terraza-amueblado/157743771/d,1 hab.,1 baño,45 m²,con terraza
157743761,2020-11-02 19:00:53,1000,"Magnífico Sobre Ático de 61 m2 con hermosas vistas!  La propiedad ha sido reformada recientemente, y consta de un diseño tradicional, con materiales de calidad. Consta de una cocina tipo americana, totalmente equipada con todos los electrodomésticos necesarios para el día a día. Además, cuenta ...","Carrer de Portbou, 14, Sants - Montjuïc",Ático,935 436 308,https://www.fotocasa.es/es/alquiler/vivienda/barcelona-capital/aire-acondicionado-calefaccion-terraza-ascensor-amueblado/157743761/d,2 habs.,1 baño,61 m²,con ascensor y terraza
157743753,2020-11-02 19:00:53,2900,"Este piso reformado se encuentra en Rambla de Catalunya, 08007, Barcelona, Barcelona, situado en el distrito de Eixample, en la planta 4. Es un piso amueblado que tiene 145 m2 de los cuales 137 m2 son útiles y dispone de 3 habitaciones y 2 baños.  Incluye cocina amueblada, cocina equipada y air...","De Catalunya, Eixample",Piso,932 511 248,https://www.fotocasa.es/es/alquiler/vivienda/barcelona-capital/aire-acondicionado-amueblado-internet/157743753/d,3 habs.,2 baños,145 m²,
157743747,2020-11-02 19:00:53,880,"piso en calle consel de cent, cuenta con 85m2, 3 habitaciones, 1 baño, salon y cocina. llamar al 934 15 00 48","Carrer del Consell de Cent, Eixample",Piso,932 995 389,https://www.fotocasa.es/es/alquiler/vivienda/barcelona-capital/sagrada-familia/157743747/d,3 habs.,1 baño,85 m²,
157743743,2020-11-02 19:00:53,1080,"Este piso se encuentra en Carrer de Sant Pere Més Baix, 08003, Barcelona, Barcelona, en la planta 2. Es un piso amueblado que tiene 65 m2 y dispone de 2 habitaciones y 1 baños.  Se trata de un inmueble exterior. Dispone de balcón, ascensor y cocina equipada y incluye internet.","Carrer de Sant Pere Més Baix, Ciutat Vella",Piso,932 511 248,https://www.fotocasa.es/es/alquiler/vivienda/barcelona-capital/ascensor-amueblado-internet/157743743/d,2 habs.,1 baño,65 m²,con ascensor
157743742,2020-11-02 19:00:53,4000,"Magnífico piso junto a Avda. Diagonal, recién reformado,   totalmente amueblado, con muebles de diseño y alta calidad, con terraza de 16m2. Situado en finca con servicio de portería y ascensor.   Consta de un gran Salón-Comedor, con salida a la terraza de 16 m2 con sol de tarde. Cocina americana...",Sarrià - Sant Gervasi,Piso,932 829 126,https://www.fotocasa.es/es/alquiler/vivienda/barcelona-capital/aire-acondicionado-calefaccion-parking-terraza-ascensor-amueblado/157743742/d,5 habs.,4 baños,300 m²,con ascensor y terraza
157743740,2020-11-02 19:00:53,570,"Studio de un ambiente, muy luminoso, muy buena zona, amueblado, 30 euros gastos comunitarios.","Gran Via de Les Corts Catalanes, 562, Eixample",Apartamento,932 995 674,https://www.fotocasa.es/es/alquiler/vivienda/barcelona-capital/ascensor/157743740/d,,,25 m²,con ascensor
157743738,2020-11-02 19:00:53,950,Piso con terraza al lado de la Sagrada Familia. Situado en una zona con todos los servicios necesarios. Metro Sagrada Familia (azul y lila) a 20 metros del piso.,"Carrer de Sardenya, 311, Eixample",Piso,,https://www.fotocasa.es/es/alquiler/vivienda/barcelona-capital/aire-acondicionado-terraza-ascensor-amueblado/157743738/d,1 hab.,1 baño,59 m²,con ascensor y terraza
157743668,2020-11-02 19:00:53,1150,"Este piso se encuentra en Carrer del Carme, 08034, Barcelona, Barcelona, en la planta 2. Es un piso amueblado que tiene 85 m2 y dispone de 2 habitaciones y 1 baños.  Dispone de ascensor y cocina equipada y dispone de terraza y internet.","Carrer del Carme, Ciutat Vella",Piso,932 511 248,https://www.fotocasa.es/es/alquiler/vivienda/barcelona-capital/terraza-ascensor-amueblado-internet/157743668/d,2 habs.,1 baño,85 m²,con ascensor y terraza
157743666,2020-11-02 19:00:53,700,Magnifico Ático con terraza privada. Amueblado. Dispone de 1 habitaciones doble exterior muy luminosa. Aire Acondicionado. Salón amplio con acceso directo a la terraza. Cocina en perfecto estado. Baño completo reformado con bañera. Vistas a la ciudad. Calle muy tranquila y a escasos metros de la ...,"Carrer de Finestrelles, Sant Andreu",Piso,932 992 519,https://www.fotocasa.es/es/alquiler/vivienda/barcelona-capital/aire-acondicionado-terraza-amueblado/157743666/d,1 hab.,1 baño,45 m²,con terraza
157743664,2020-11-02 19:00:53,925,"Ático dúplex con terraza en alquiler en el Born, Barcelona ALQUILER TEMPORAL Luminoso ático de 70 m2 con tres terrazas en una finca sin ascensor en una preciosa calle del Born. Una cuarta planta, tipo dúplex, en buen estado y preparada para entrar a vivir. En la planta baja hay un diáfano salón ...",Ciutat Vella,Ático,932 938 374,https://www.fotocasa.es/es/alquiler/vivienda/barcelona-capital/aire-acondicionado-terraza-patio-amueblado-no-amueblado/157743664/d,1 hab.,1 baño,70 m²,con terraza
157743655,2020-11-02 19:00:53,1150,"En el céntrico barrio de Galvany, cerca de comercios y servicios y muy bien comunicado, se encuentra éste confortable y práctico apartamento de 75m2. Cuenta con una agradable zona de estar y comedor con vistas a la calle y luz natural. Está dividido en zona de día y noche y tiene dos dormitorios ...",Sarrià - Sant Gervasi,Piso,932 829 126,https://www.fotocasa.es/es/alquiler/vivienda/barcelona-capital/aire-acondicionado-calefaccion-amueblado/157743655/d,2 habs.,1 baño,75 m²,
157743379,2020-11-02 19:00:53,1100,"Este piso se encuentra en Carrer del Carme, 08034, Barcelona, Barcelona. Es un piso amueblado que tiene 0 m2 .  Incluye ascensor y cocina equipada y tiene terraza y internet.","Carrer del Carme, Ciutat Vella",Piso,932 511 248,https://www.fotocasa.es/es/alquiler/vivienda/barcelona-capital/terraza-ascensor-amueblado-internet/157743379/d,1 hab.,1 baño,75 m²,con ascensor y terraza
157743339,2020-11-02 19:00:53,1090,"Este piso se encuentra en Carrer d'Aragó, 08013, Barcelona, Barcelona, situado en el distrito de example, en la planta 5. Es un apartamento luminoso y amueblado que tiene 85 m2 de los cuales 80 m2 son útiles y dispone de 2 habitaciones y 1 baños.  Tiene cocina amueblada, cocina equipada y aire ...","Carrer D'aragó, Eixample",Apartamento,932 511 248,https://www.fotocasa.es/es/alquiler/vivienda/barcelona-capital/aire-acondicionado-amueblado/157743339/d,2 habs.,1 baño,85 m²,
157743302,2020-11-02 19:00:53,1200,"Este piso reformado se encuentra en Carrer del Carme, 08034, Barcelona, Barcelona, en la planta 3. Es un piso amueblado que tiene 80 m2 y dispone de 2 habitaciones y 1 baños.  Tiene ascensor y dispone de terraza y internet.","Carrer del Carme, Ciutat Vella",Piso,932 511 248,https://www.fotocasa.es/es/alquiler/vivienda/barcelona-capital/terraza-ascensor-amueblado-internet/157743302/d,2 habs.,1 baño,80 m²,con ascensor y terraza
157743289,2020-11-02 19:00:53,900,"Piso tipo loft de 100 m2 reformado de diseño situado a junto a ramblas, mercat de la boqueria y teatre liceu.  el piso consta de: hab. 1 doble con divisiones móviles tipo stores, baño  cocina independiente   comedor muy amplio ( salón-comedor de 30 m2) 1 habitaciones dobles terraza descubie...","Hospital, Ciutat Vella",Piso,932 511 267,https://www.fotocasa.es/es/alquiler/vivienda/barcelona-capital/ascensor-amueblado/157743289/d,1 hab.,1 baño,100 m²,con ascensor
157743288,2020-11-02 19:00:53,975,"En el corazon del Born en una calle muy tranquila y libre de ruidos, luminoso con ascensor, salón-comedor con cocina americana y salida al balcón  el piso consta de: Salon comedor con cocina americana y salida al balcón 2 habitaciones 1 doble 1 individual Baño completo con bañera Pasillo ...","Oli, Ciutat Vella",Piso,932 511 267,https://www.fotocasa.es/es/alquiler/vivienda/barcelona-capital/calefaccion-ascensor-amueblado/157743288/d,,,76 m²,con ascensor
157743280,2020-11-02 19:00:53,1250,"Este piso se encuentra en Carrer de Viladomat, 08015, Barcelona, Barcelona, situado en el distrito de Sant Antoni, en la planta 3. Es un apartamento luminoso y amueblado que tiene 71 m2 de los cuales 66 m2 son útiles y dispone de 2 habitaciones y 1 baños.  Dispone de cocina amueblada y aire aco...","Carrer de Viladomat, Eixample",Apartamento,932 511 248,https://www.fotocasa.es/es/alquiler/vivienda/barcelona-capital/aire-acondicionado-amueblado/157743280/d,2 habs.,1 baño,71 m²,
157743249,2020-11-02 19:00:53,1450,"Este piso se encuentra en Carrer de Salvà, 08004, Barcelona, Barcelona, en la planta 3. Es un piso amueblado que tiene 90 m2 y dispone de 3 habitaciones y 2 baños.  Se trata de un inmueble exterior. Incluye balcón y dispone de internet.","Carrer de Salvà, Sants - Montjuïc",Piso,932 511 248,https://www.fotocasa.es/es/alquiler/vivienda/barcelona-capital/amueblado-internet/157743249/d,3 habs.,2 baños,90 m²,
157569790,2020-11-02 19:00:53,1395,PLANTA BAJA NUEVA A ESTRENAR AMUEBLADA NO SE ADMITEN MASCOTAS  CERCA DE LA PLAYA  2 CENTROS COMERCIALES A POCA DISTANCIA  SOLO PARTICULARES UBICACIÓN MUY BUENA,"Carrer de Lope de Vega, 117, Sant Martí",Piso,,https://www.fotocasa.es/es/alquiler/vivienda/barcelona-capital/terraza-trastero-ascensor-patio-amueblado-television/157569790/d,4 habs.,2 baños,110 m²,con ascensor y terraza
157743224,2020-11-02 19:00:53,550,"Este piso diáfano se encuentra en Carrer del Mar, 08003, Barcelona, Barcelona, situado en el distrito de barceloneta , en la planta bajo. Es un apartamento amueblado que tiene 35 m2 y dispone de 1 habitaciones y 1 baños.  Se trata de un estudio. Tiene cocina amueblada, cocina equipada y aire ac...","Carrer del Mar, Ciutat Vella",Estudio,932 511 248,https://www.fotocasa.es/es/alquiler/vivienda/barcelona-capital/aire-acondicionado-amueblado/157743224/d,1 hab.,1 baño,35 m²,
157743218,2020-11-02 19:00:53,1200,"ESPECTACULAR PISO DE ALTO STANDING EN EL EIXAMPLE SE TRATA DE UN PISO DE 71M2, 2 HABITACIONES DOBLES,  2 BAÑOS (1 EN SUITE), COCINA TOTALMENTE EQUIPADA Y SALÓN-COMEDOR MUY LUMINOSO CON SALIDA A BALCÓN EXTERIOR A CALLE.  RECIÉN REFORMADO CON MUCHO GUSTO Y AMUEBLADO CON MUEBLES DE ALTA CALIDAD. ...","Consell de Cent, Eixample",Piso,932 513 614,https://www.fotocasa.es/es/alquiler/vivienda/barcelona-capital/aire-acondicionado-calefaccion-ascensor-amueblado/157743218/d,2 habs.,2 baños,71 m²,con ascensor
157505276,2020-11-02 19:00:53,990,"ABSTENIR-SE AGÈNCIES  Pis de 63 m^2 útils i 40 m^2 de pati situat al districte de Gràcia, barri de la la Salut.  Aquesta llar està reformada, disposa de llum natural a totes les estàncies, té 2 habitacions, lavabo, cuina-office, un ampli menjador amb vistes al Tibidabo, al Garraf, al Port i Montj...","Avinguda del Coll del Portell, Gràcia",Piso,,https://www.fotocasa.es/es/alquiler/vivienda/barcelona-capital/calefaccion-terraza-patio-amueblado/157505276/d,2 habs.,1 baño,63 m²,con terraza
157743208,2020-11-02 19:00:53,990,"Este piso se encuentra en Carrer de Valldonzella, 08001, Barcelona, Barcelona, situado en el distrito de Raval, en la planta 3. Es un apartamento luminoso que tiene 61 m2 de los cuales 60 m2 son útiles y dispone de 2 habitaciones y 1 baños.  Se trata de un inmueble céntrico. Dispone de balcón, ...","Carrer de Valldonzella, Ciutat Vella",Apartamento,932 511 248,https://www.fotocasa.es/es/alquiler/vivienda/barcelona-capital/internet/157743208/d,2 habs.,1 baño,61 m²,
157658390,2020-11-02 19:00:53,1612,"Piso en Avda Sarriá con Josep Tarradellas a 200 metros de la plaza Francesc Maciá, Turó Park. El piso consta de 135 m² distribuidos en 4 dormitorios, 2 baños completos, uno con bañera y el otro con plato de ducha, amplio salón, cocinaoffice, lavadero, calefacción de gas y aire acondicionado. El p...","Avinguda de Sarrià, 41, Eixample",Piso,,https://www.fotocasa.es/es/alquiler/vivienda/barcelona-capital/aire-acondicionado-calefaccion-ascensor-no-amueblado/157658390/d,4 habs.,2 baños,135 m²,con ascensor
157389203,2020-11-02 19:00:53,1100,"Apartamento en Sarriá Planta baja con terraza que da al jardín de la finca, 65m2, salón con salida a la terraza, comedor a parte, 2 habitaciones (una doble y una individual), cocina, baño, totalmente reformado, a estrenar, sin muebles. Ascensor y conserje. Ideal para una persona sola o parejas. U...","Carrer de Manuel de Falla, 9, Sarrià - Sant Gervasi",Piso,,https://www.fotocasa.es/es/alquiler/vivienda/barcelona-capital/aire-acondicionado-terraza-zona-comunitaria-ascensor/157389203/d,2 habs.,1 baño,65 m²,con ascensor y terraza
157743107,2020-11-02 19:00:53,1080,"Este piso se encuentra en Carrer dels Assaonadors, 08003, Barcelona, Barcelona, en la planta 1. Es un piso amueblado que tiene 85 m2 y dispone de 2 habitaciones y 2 baños.  Se trata de un inmueble exterior. Incluye balcón y cocina equipada y tiene internet.","Carrer Dels Assaonadors, Ciutat Vella",Piso,932 511 248,https://www.fotocasa.es/es/alquiler/vivienda/barcelona-capital/amueblado-internet/157743107/d,2 habs.,2 baños,85 m²,
157743106,2020-11-02 19:00:53,790,"Este piso se encuentra en Carrer dels Salvador, 08001, Barcelona, Barcelona, situado en el distrito de raval, en la planta 2. Es un apartamento luminoso que tiene 61 m2 de los cuales 57 m2 son útiles y dispone de 2 habitaciones y 1 baños.  Dispone de cocina amueblada, ascensor, aire acondiciona...","Carrer Dels Salvador, Ciutat Vella",Apartamento,932 511 248,https://www.fotocasa.es/es/alquiler/vivienda/barcelona-capital/aire-acondicionado-calefaccion-ascensor/157743106/d,2 habs.,1 baño,61 m²,con ascensor
157381259,2020-11-02 19:00:53,1150,"ABSTENERSE INMOBILIARIAS . Hola soy Raúl , soy particular y alquilo un un piso grande y sin defectos. Todas las habitaciones son grandes y es ideal para estudiantes o para compartir con amigos . El piso está amueblado, el baño está recién reformado , todas las habitaciones dan a un enorme balcón ...","Travessera de Les Corts, 15, Les Corts",Piso,,https://www.fotocasa.es/es/alquiler/vivienda/barcelona-capital/terraza-amueblado/157381259/d,2 habs.,1 baño,90 m²,con terraza
157743100,2020-11-02 19:00:53,1125," Índice de referencia de precios de alquiler: 12,18","Dos de Maig, 275, Eixample",Piso,687 184 166,https://www.fotocasa.es/es/alquiler/vivienda/barcelona-capital/aire-acondicionado-calefaccion-parking-terraza-ascensor/157743100/d,4 habs.,2 baños,90 m²,con ascensor y terraza
157743077,2020-11-02 19:00:53,2300,"Este piso se encuentra en Carrer de Balmes, 08006, Barcelona, Barcelona, en la planta 3. Es un piso amueblado que tiene 132 m2 y dispone de 3 habitaciones y 2 baños.  Se trata de un inmueble exterior. Incluye balcón y ascensor y dispone de internet.","Carrer de Balmes, Sarrià - Sant Gervasi",Piso,932 511 248,https://www.fotocasa.es/es/alquiler/vivienda/barcelona-capital/ascensor-amueblado-internet/157743077/d,3 habs.,2 baños,132 m²,con ascensor
157743030,2020-11-02 19:00:53,790,"Este piso se encuentra en Carrer de la Cera, 08001, Barcelona, Barcelona, situado en el distrito de Raval, en la planta 3. Es un apartamento luminoso y amueblado, construido en el año 1990, que tiene 63 m2 de los cuales 55 m2 son útiles y dispone de 2 habitaciones y 1 baños.  Se trata de un inm...","Carrer de la Cera, Ciutat Vella",Apartamento,932 511 248,https://www.fotocasa.es/es/alquiler/vivienda/barcelona-capital/amueblado-internet/157743030/d,2 habs.,1 baño,63 m²,
157743022,2020-11-02 19:00:53,780,"Este piso se encuentra en Carrer de la Volta dels Jueus, 08003, Barcelona, Barcelona, en la planta 2. Es un piso amueblado que tiene 50 m2 y dispone de 1 habitaciones y 1 baños.  Se trata de un inmueble exterior. Tiene balcón y tiene internet.","Carrer de la Volta Dels Jueus, Ciutat Vella",Piso,932 511 248,https://www.fotocasa.es/es/alquiler/vivienda/barcelona-capital/amueblado-internet/157743022/d,1 hab.,1 baño,50 m²,
157736393,2020-11-02 19:00:53,1400,"Excelente piso con acabados de primera calidad. Consta de 2 habitaciones dobles y 1 individual, todas ellas exteriores a calle. Amplia cocina con comedor, salón, cuarto trastero y dos baños completos. Terraza exterior a patio. Calefacción por radiadores. Suelo de mosaico hidráulico. Acabados en m...","Carrer del Marquès de Barberà, 1, Ciutat Vella",Piso,,https://www.fotocasa.es/es/alquiler/vivienda/barcelona-capital/calefaccion-terraza-ascensor/157736393/d,3 habs.,2 baños,130 m²,con ascensor y terraza
157373672,2020-11-02 19:00:53,725,"Precioso ático de 50 m2  en alquiler. Totalmente exterior, reformado, en finca rehabilitada con ascensor. Vigas de madera originales, techos altos, mucha luz, puertas y ventanas de aluminio nuevas.  Amueblado y con cocina equipada con vitrocerámica,  nevera, lavadora y horno. 1 baño reformado. 2 ...","Carrer de L'aurora, 16, Ciutat Vella",Piso,,https://www.fotocasa.es/es/alquiler/vivienda/barcelona-capital/ascensor-amueblado/157373672/d,2 habs.,1 baño,50 m²,con ascensor
157739947,2020-11-02 19:00:53,1100,"Alquilamos piso amueblado por un periodo de 8 meses (hasta 30 de junio de 2021 ) El piso tiene salón comedor con cocina americana, dos habitaciones con dos baños y un espacio de despacho. Tiene AC y calefacción central. Se alquila amueblado, con electrodomésticos  y equipado con enseres de cocina.","Carrer de L'encarnació, 35, Gràcia",Piso,,https://www.fotocasa.es/es/alquiler/vivienda/barcelona-capital/aire-acondicionado-calefaccion-amueblado-television-internet/157739947/d,2 habs.,2 baños,70 m²,
157742942,2020-11-02 19:00:53,1050,"NAPOLS-AUSIAS MARC. Piso de 3 habitaciones (2 dobles + 1 individual). Totalmente reformado. Suelo de parquet. Exterior a calle y a patio de manzana. Calefacción. Último piso con ascensor. Balcón. Precio de alquiler 1.050€ Índex de referencia 13,69m²","Carrer Napols, 93, Eixample",Piso,935 432 974,https://www.fotocasa.es/es/alquiler/vivienda/barcelona-capital/calefaccion-terraza-ascensor/157742942/d,3 habs.,1 baño,81 m²,con ascensor y terraza
